time,ardx,arsx,ca,iedx,iesx,iidx,iisx,inlet,sma
0.005,1.6041809256193762,0.9587667229642274,3.070239524117084,4.1992487018227385,2.085654533063941,3.367682132390275,6.567397066811018,-29.12680024290892,0.030623667889158424
0.01,1.741784939183289,1.076889954235237,3.427701552929908,5.226180434506089,2.5583562957490447,4.456120502276892,8.892659148648711,-29.34976610305051,0.1593217368772294
0.015,1.6279352141551091,1.0304682552918694,3.2321045580650827,5.4947374717688735,2.660904151313172,4.894121084522436,10.045703560357122,-29.64802293725099,0.20936087173051582
0.02,1.5194263129435526,0.9739729620254111,2.9926494957581222,5.5924002855642,2.693429236602704,5.11798155357957,10.804998498319435,-30.027797044963712,0.21976680317909694
0.025,1.4557338254425916,0.9389689992542232,2.8212547585006544,5.659278919236968,2.724686985908499,5.260539932653038,11.39079624381106,-30.499130263192747,0.21957765828551626
0.03,1.4327694310756034,0.9271670971109244,2.7278932034061047,5.733898725295987,2.7693569123879604,5.372888785810975,11.88850512038204,-31.079418774281123,0.2198662951127572
0.035,1.44088720397056,0.9341451230731765,2.7001749245214293,5.83079326278759,2.83029969083776,5.480762242674504,12.34561544548901,-31.78762369309901,0.22317753155284908
0.04,1.4740889064657905,0.9567567484109685,2.726601759079565,5.959386626849795,2.909212299522242,5.601084842672691,12.796944291753297,-32.654352961569174,0.22983545405328445
0.045,1.5296648423072972,0.9935855068635158,2.799939528790905,6.127535294593518,3.008240051512407,5.746454338374263,13.270724333284674,-33.716103280456785,0.23984891700755925
0.05,1.6068679052460615,1.0442994322466737,2.9167434743319633,6.343044806971597,3.130298052368033,5.927467460256309,13.79213809025318,-35.01410153634829,0.2532147525139846
0.055,1.707356443631077,1.110089497621773,3.0777986019791648,6.615255220529011,3.279623165969617,6.154572595271755,14.386395478910416,-36.60141378292832,0.27031594278151966
0.06,1.8326866923400555,1.192016083395401,3.2847231119853717,6.953330960846109,3.4605732237011466,6.437218153637822,15.07726722058344,-38.52924084780988,0.29142374909880375
0.065,1.9849804408137761,1.291475008992824,3.540551475122874,7.367442276285572,3.678138093349138,6.784828172469865,15.889026912003914,-40.85329438883491,0.3168516487032646
0.07,2.166937413649506,1.410264748523928,3.849274224128263,7.868294384909966,3.9376881548264664,7.206478460015356,16.845802829332488,-43.63182797255061,0.3470877228890718
0.075,2.379440170808013,1.548937874480894,4.212754889661599,8.464999991780434,4.243736606983787,7.709340306397356,17.968809273604037,-46.91018949212604,0.38217043133983614
0.08,2.6242703351716044,1.7086740754559826,4.633804559629508,9.16720808217634,4.601202144967729,8.300093364875446,19.278661316834658,-50.73629578030324,0.42238198327511906
0.085,2.9018569942349837,1.8897731783748384,5.113157240106033,9.982328949095796,5.0139342255232755,8.982905633858993,20.791301527780153,-55.143037748199745,0.4677801050121456
0.09,3.211107487809927,2.091496137442359,5.649336519467411,10.915587195160438,5.484731153075075,9.75941666038908,22.517650438785946,-60.14737076634336,0.518045285918593
0.095,3.5523168151056885,2.314097758400488,6.241976432695876,11.971928449205693,6.016532404470508,10.629982622052951,24.465244504402126,-65.7653803552086,0.5733014473505632
0.1,3.922346608874106,2.5555234682962094,6.885888598461578,13.151362829742475,6.609779154449503,11.590091593888419,26.631560881124734,-71.97948426398654,0.6329312256508002
0.105,4.319114061447003,2.814421693258687,7.576891630882129,14.45379165039386,7.2650315931264,12.633641868017321,29.00997239934341,-78.76937821527753,0.6965134257971043
0.11,4.741969158310035,3.090499666118509,8.311887190277258,15.877708079445823,7.982389176837896,13.752701701099195,31.588321227846293,-86.10966314728128,0.7641870597929784
0.115,5.176392764229577,3.3739936926024265,9.069861398907252,17.405279250903252,8.75305217693806,14.928101699779052,34.33064056898155,-93.87010673038363,0.8327852910008717
0.12,5.634756800252238,3.6736012785730563,9.862378147297974,19.03950392822995,9.580563221589067,16.156944747077873,37.22489353620301,-102.07847284527382,0.9058313325521372
0.125,6.107289874826229,3.982443004129678,10.677537662911474,20.770291724598742,10.46015715139595,17.42933632132391,40.244582403555995,-110.65196814966197,0.9803301734393635
0.13,6.587881961559608,4.29672317413382,11.503284735573324,22.579383572960317,11.383337647427645,18.729477256285524,43.34861011988362,-119.4845902064711,1.0558919253543775
0.135,7.070271279066194,4.612288507568088,12.32865710060177,24.448858107151892,12.341541845647805,20.04265308115963,46.49569049359441,-128.47124541207103,1.131285195009315
0.14,7.551530901358477,4.927293001971766,13.146958076092202,26.361268929769796,13.325990885241739,21.356171642773724,49.64857554073554,-137.52402382674958,1.2062350887292017
0.145,8.025178519678693,5.23746521411098,13.947523163318985,28.293777260956034,14.324733520290835,22.65578885601147,52.76697053936287,-146.5310984908043,1.2796616858399847
0.15,8.486169473053128,5.5394695714102005,14.721964976172815,30.224458206874296,15.327421853298308,23.92982089487887,55.807691682137886,-155.3877256175627,1.3507292444142025
0.155,8.929898196390967,5.830303035713755,15.462637077830058,32.13074285425591,16.323523702233533,25.167179877299724,58.72519368096384,-163.98830715123938,1.4188289895055406
0.16,9.350000023561513,6.105742719301002,16.16018303443517,33.98847981585389,17.30051151923077,26.354984369490673,61.47683269994347,-172.21960890821939,1.4828750218016968
0.165,9.741335068730741,6.362403799148432,16.807057909353905,35.77457689903945,18.24471978705887,27.47901778522133,64.0314591477139,-179.9826700493938,1.5420999742285173
0.17,10.096297979136905,6.595245897918609,17.39258663730424,37.46169461615395,19.138701266232836,28.522240089387616,66.36717916144717,-187.1692428712838,1.5952975646041798
0.17500000000000002,10.408482916559773,6.800021548795302,17.907597915411458,39.023292812241436,19.966348884419194,29.46935278158381,68.46839271544006,-193.68495716159845,1.6414679508865455
0.18,10.67287554345217,6.973437693113121,18.34463124500535,40.43548778353724,20.715331026899452,30.306011635842744,70.31561831824239,-199.44332933570718,1.6799364843177993
0.185,10.883848843016171,7.111764706537602,18.695762669962804,41.67447598780487,21.373955639916517,31.020987329449447,71.888573361933,-204.35918193738175,1.7098138095076196
0.19,11.03695677041545,7.212063020160113,18.954823707538644,42.71868373628288,21.930074064164238,31.607978845438993,73.17702246813441,-208.3680378549712,1.7304356588728131
0.195,11.128473012762456,7.271891073157173,19.116461390259126,43.55128687251165,22.374003143378758,32.06020324746783,74.17188500003644,-211.41553277256904,1.7413294428214174
0.2,11.155488927862438,7.289311925602064,19.176647675730017,44.16057285457633,22.701054636306694,32.370833206077194,74.86548404991169,-213.46141571977967,1.7420228495036987
0.20500000000000002,11.117219263148167,7.26383460737855,19.134096928023627,44.53579736404751,22.9123275102425,32.54014601381471,75.25237077388338,-214.48831726226837,1.7325252167256147
0.21,11.012763564042636,7.194854610198492,18.987508166075443,44.664012505066744,23.012849986394453,32.57738122813457,75.32670517770772,-214.48879711920927,1.7127222898552592
0.215,10.843524335625887,7.083303923489164,18.73865618240747,44.53690718832836,23.00968437615238,32.49707124128592,75.08886539021483,-213.4808825542028,1.682870331895596
0.22,10.612801622713803,6.9314209925189845,18.391649360420406,44.154587685673,22.90406809046963,32.30878261096002,74.5535888070041,-211.5005709273758,1.6436721693713607
0.225,10.322227388473332,6.7402485243352555,17.948754692114814,43.52514729377316,22.68613382261965,32.010723781035054,73.75302260862827,-208.58148978077992,1.5952320764424055
0.23,9.984546845698905,6.518366310029934,17.426592479438476,42.67728553238304,22.34906461886046,31.60202084108886,72.73924874714533,-204.8372135720267,1.5400886137427159
0.23500000000000001,9.596384395162216,6.263325793457625,16.82179224015902,41.630057705616885,21.884155357331768,31.06966068040071,71.52904634444738,-200.27135173656885,1.4769296399920004
0.24,9.17129305649954,5.984340162236245,16.15129560138449,40.415621091884034,21.29918781434484,30.41581614182714,70.13965936576017,-194.98592536131733,1.4087125419362818
0.245,8.71574690881517,5.68553772022198,15.425508541460848,39.060321429255886,20.606647257019368,29.650026209963727,68.58028726970592,-189.06012275756345,1.3360478192270797
0.25,8.23746110491015,5.372009424588763,14.656109834248106,37.585485011867576,19.824161992877833,28.790006174268328,66.8561995868305,-182.58165540559293,1.2602226579628255
0.255,7.741858014157567,5.04729151609412,13.852007403823862,36.00649843263317,18.97105749252094,27.855787696028848,64.96876893473036,-175.62527111017258,1.1820019865112243
0.26,7.234510250130283,4.715034610116444,13.02218022741775,34.3379735087165,18.067302500181814,26.865902497565244,62.92123699970686,-168.26634509141107,1.1022048491383898
0.265,6.7203557571997585,4.378475708958974,12.174506770361083,32.59462063115408,17.130576679831062,25.83353871382935,60.718440753163534,-160.57210780134903,1.021593126592394
0.27,6.203313408893847,4.040176593054419,11.315430799947213,30.79258528520324,16.17402051452372,24.765946977635405,58.36942106581439,-152.60161415785382,0.9407198326774187
0.275,5.686321813838661,3.7020576847728983,10.449966070535215,28.948687718743724,15.204890700214484,23.665530559626344,55.89208569046974,-144.4095225028633,0.8599825722448291
0.28,5.171426504042945,3.36544722762678,9.581688631473606,27.078149993460034,14.225797995463317,22.532195947283952,53.31201472009748,-136.04640889442177,0.7796881736877208
0.28500000000000003,4.660035882549655,3.0312628048397765,8.713176765096646,25.193244292202724,13.23813179384953,21.36613322754443,50.65541071571644,-127.55742196208604,0.7000267649969016
0.29,4.154555134132314,2.7011058670083172,7.848208245937723,23.304416630340768,12.245286046746003,20.16993955528247,47.9440442821225,-118.9889854958334,0.6214299855190949
0.295,3.6581588181830007,2.377099894546903,6.991810664167353,21.421120395630332,11.252824036645233,18.948583123041807,45.194974247749215,-110.38903018006509,0.5444592205141204
0.3,3.174444945142512,2.0616163402278675,6.1499709937477025,19.552562170188633,10.267378381156384,17.709007085280373,42.423010432962684,-101.80769941782289,0.46970928663721356
0.305,2.707854255198704,1.7575584948221767,5.330259118561207,17.70923905393784,9.296309731987446,16.460086943514813,39.64356770884583,-93.3028024596854,0.3979273934306477
0.31,2.262943505284324,1.4678984816561893,4.540763683548475,15.902826417683455,8.347065081812262,15.211664134526202,36.87288106689283,-84.93591153123938,0.329869392868017
0.315,1.8440762626763116,1.1954478600700889,3.789773991842122,14.146231574536504,7.4270711820439255,13.974439054418028,34.12888929663934,-76.77212330453662,0.26619431634415786
0.32,1.456303403779636,0.9434853956003777,3.086616611243614,12.454289214072885,6.544116505660671,12.760288815638988,31.432642519871525,-68.88547356960937,0.20773130955660896
0.325,1.103274618203974,0.7143331411885541,2.438905928071442,10.84147818835845,5.705241908593147,11.580558878371704,28.805682004788448,-61.344482486463804,0.15500800530618078
0.33,0.7882550166996797,0.5100433612616272,1.853754739851161,9.322723224103749,4.917373392799518,10.446864139663536,26.271341049296215,-54.218796918321665,0.10844216593442173
0.335,0.5149130255368818,0.33298713291202964,1.3383109422094313,7.9127471639886995,4.1873116592309945,9.371137572410671,23.85408742008823,-47.58016755790402,0.06867279526207734
0.34,0.2823821100323056,0.18246759274252072,0.8936092399940377,6.620868990341814,3.518953814825367,8.362378549157327,21.573209335763444,-41.46918039794073,0.035310918556849695
0.34500000000000003,0.09898360415306662,0.06398980666533902,0.5324473940740206,5.465737536859557,2.9215304873407875,7.4374042457969125,19.462689227656774,-35.99275647662237,0.009974298728024788
0.35000000000000003,-0.05213853541870077,-0.0338416643078612,0.23399431918467867,4.436433890338799,2.3881873832045897,6.592395456373634,17.519053889288074,-31.073040528168473,-0.01104410100045845
0.355,-0.1620378211699804,-0.1047933434816524,0.008023334070055246,3.5426893891484696,1.924195835018916,5.838112647781795,15.764319365484424,-26.785196284871763,-0.025313028867011235
0.36,-0.23722199699989016,-0.15331655247889786,-0.1532752785305532,2.7812447574748815,1.5273721670120008,5.17664633433099,14.205213423113939,-23.112188407298433,-0.034474370235872576
0.365,-0.28028634127159063,-0.18107041294742043,-0.25428693749077075,2.1493334374657183,1.1960755198271538,4.609953791848675,12.847842852785735,-20.04867785851094,-0.03888396258942649
0.37,-0.2966538681080412,-0.19157654506197247,-0.30371092576245423,1.6386727271901427,0.925822199601891,4.135478659719704,11.689601086408512,-17.558215360344263,-0.03941790903950622
0.375,-0.29163080254493917,-0.18831004030844245,-0.31037459642675397,1.239475356901421,0.7114707523422844,3.7489096059489246,10.724102143377825,-15.596635134856506,-0.03700723304405058
0.38,-0.2689175403812369,-0.1736219570024703,-0.28148792845264314,0.9415280788573357,0.5478650558643601,3.4448529864171964,9.942121219646115,-14.120219915544464,-0.03211994753093388
0.385,-0.23353002764859956,-0.1507769489143607,-0.22586129026572538,0.732372295867374,0.4286944308296473,3.2156105346282193,9.329485594255006,-13.070421035068183,-0.025573519961851428
0.39,-0.18851301264847437,-0.12173375947744418,-0.1496388457077299,0.6011048941560929,0.34857685086401957,3.053986370136667,8.872186711410084,-12.398169186882576,-0.017799989855830086
0.395,-0.13621770978570014,-0.08797899292471179,-0.05790168380603963,0.537234555832399,0.3023935534300246,2.952532228983125,8.555179276820422,-12.056178321343419,-0.009062868402602705
0.4,-0.07888908228773311,-0.050979605482099496,0.04493085431009043,0.5311512881027748,0.28543105011505476,2.9040299135139973,8.363601111536358,-11.999551500609924,0.00027600771060561584
0.405,-0.016617911300539044,-0.010759281725633618,0.15755870318432505,0.5761641235683708,0.2945304800873358,2.9030527076116845,8.285758771860664,-12.19999833990035,0.010310777317568113
0.41000000000000003,0.05020191008883586,0.03243216456957505,0.2787681312556614,0.666375322074207,0.3268701393706268,2.94461050013007,8.310866339496531,-12.631143139036459,0.021018660140758996
0.41500000000000004,0.12204023356846178,0.07889143014298083,0.408947524204326,0.7982405642869252,0.3807986106974879,3.0253950608396956,8.431501191030614,-13.278294632988477,0.03248004379284873
0.42,0.20015289801380282,0.12945447285301695,0.5497268658005666,0.9700006028909867,0.4555716970766301,3.1434519294398275,8.64299791727122,-14.136328645325397,0.04497228812658752
0.425,0.2847702040310165,0.18424310352555734,0.7017338535383543,1.1800752919228725,0.5504327101455955,3.2971204964857703,8.941575308898644,-15.198438327648361,0.05848738456268248
0.43,0.3769702588637095,0.2439556070133969,0.8667355377571291,1.4285084789433289,0.6654705203262347,3.486075192943089,9.326110648896279,-16.467037451249055,0.0732112425111058
0.435,0.4767839404729814,0.3086048856909786,1.0450597698745308,1.714532845576147,0.8003181645788756,3.709562701326781,9.794780204529337,-17.938786802519346,0.08914432834253079
0.44,0.583420485205644,0.3776426766388654,1.2359054195270351,2.0368091906278316,0.9542809611910024,3.9665189844521085,10.345226362435508,-19.605883068888936,0.10607902023584505
0.445,0.6964747154566693,0.45082278400215053,1.438568062165598,2.3937540834398283,1.1266126933218223,4.2556569445868355,10.97453665664558,-21.460413998777028,0.12398809653568307
0.45,0.8132843846954705,0.5263833124039781,1.649187378870801,2.780851959369139,1.3150079272850004,4.573436827214747,11.675553199924343,-23.476059501270186,0.14235455175653286
0.455,0.9321731171791201,0.6032368051387478,1.8648566071628239,3.193815917165506,1.517368632569485,4.916180522701785,12.440686629466438,-25.629211768327085,0.16089358106491836
0.46,1.0479274008938273,0.67798638351265,2.0772992466495657,3.6223702392365893,1.7284721465235187,5.275363785919767,13.25306093551384,-27.86121223700637,0.1787321531445589
0.465,1.1634512817840257,0.7526329212536043,2.289180697462453,4.065297703776033,1.9480684341903642,5.648779693389687,14.107042058174866,-30.171018557088026,0.19656582289958743
0.47000000000000003,1.2714235287026932,0.8222835136152825,2.4901252361127963,4.510401312128674,2.169786546327071,6.0263016688229225,14.98212945282765,-32.48533516131845,0.21288396073860025
0.47500000000000003,1.3706327013193174,0.8862432280119736,2.6766630558588167,4.949541570743594,2.3896741054426243,6.400328276515966,15.861384466213696,-34.7621694564307,0.2277021225996681
0.48,1.4582327043470926,0.9426695332943003,2.843639148822498,5.372999333476109,2.6028838498715845,6.762103927821904,16.724895375943387,-36.94797839387239,0.24055459754435476
0.485,1.5331272159402183,0.9908747436549781,2.9884210798503705,5.773143051820215,2.8057147139192686,7.104443640778718,17.55490786225444,-39.00194082999804,0.25130860244434244
0.49,1.5945188015885843,1.030370771232977,3.1090278222926373,6.142909237796974,2.9947321472855246,7.4208726711949735,18.33481525994621,-40.887150187776,0.25990356019456856
0.495,1.6417617349315903,1.0607372334711815,3.2041051317557576,6.476186437645206,3.1667990203386425,7.706131505401727,19.0509241548626,-42.57287756650862,0.2662324379439124
0.5,1.6757668359491658,1.0825974358461314,3.2745890068647148,6.769205764171256,3.319834790205579,7.957222072075138,19.694445321709182,-44.04418248769224,0.270521351111534
0.505,1.6971475380220957,1.0963540356748178,3.3214091376321875,7.019126300164197,3.4521658481640984,8.172275266995255,20.258791994523513,-45.290154070450114,0.27288403847790355
0.51,1.7076025375123696,1.1031186982217545,3.3472217621938176,7.225815768904729,3.5636593674841532,8.351468069617729,20.7409364745944,-46.31343988021779,0.27361729515603583
0.515,1.7092710844653678,1.1042973704695282,3.3554823366622726,7.391089223140177,3.655290971449257,8.496145218160057,21.14022688428744,-47.12491424237036,0.2731112456776354
0.52,1.7037743524017197,1.10092456352523,3.349239981758073,7.517802492229227,3.7284060081100248,8.608047843829596,21.457868532562216,-47.73765557689099,0.27159189330081385
0.525,1.693471587187875,1.0945341725033089,3.3325458125473313,7.610590705058363,3.784978722397428,8.689910780704691,21.698745367116864,-48.1742363642809,0.26945930906376364
0.53,1.6798176128787754,1.0860511115055762,3.308306954029742,7.673827779513374,3.8265519061602404,8.744316177380313,21.869195543133422,-48.45499105793862,0.26692406808583635
0.535,1.6639434504305635,1.0761795409281478,3.278944030362271,7.7118937846017115,3.8546615927439816,8.774227047565965,21.976959370214026,-48.60093063388719,0.2641219109868005
0.54,1.6467908515607397,1.065518950852319,3.246380984993519,7.728722816879031,3.8708284249927454,8.782779051279539,22.029836550873963,-48.63206330059673,0.2612057627308359
0.545,1.6284015036707957,1.0540657874526982,3.2112106343652855,7.727076214007857,3.8762156066687856,8.772650398198568,22.034401297306506,-48.562158493849665,0.258137144113654
0.55,1.6088623413186778,1.0418574064999409,3.173861677012988,7.709267874407255,3.8720350628687306,8.746348850304662,21.99689767450712,-48.404040177677004,0.25490938249154343
0.555,1.5878767571857642,1.028693187787732,3.13401515366717,7.676514879143689,3.8591134517815258,8.705496711653113,21.922171979504853,-48.16536094910741,0.25147891934056066
0.56,1.5647121558355683,1.0140741051323683,3.090692069424714,7.629238140415967,3.837925237092614,8.650936290331037,21.813739642739343,-47.84900580611867,0.24768825369633768
0.5650000000000001,1.539295313859374,0.9979595659665881,3.0436088655379545,7.568088079847563,3.809101318184755,8.58348907180775,21.674641746854498,-47.459737743831816,0.2435538709101106
0.5700000000000001,1.5111645891510408,0.9800499505635667,2.9919515125678893,7.493072880618804,3.7728633220175594,8.503404598565213,21.506070626651372,-46.99758603071728,0.23900863929329752
0.5750000000000001,1.480636806095102,0.9605468517404716,2.9360909567752564,7.40537225197001,3.7299161340359186,8.411738591072279,21.309775460176322,-46.46816830583543,0.23409134313436242
0.58,1.4471021435646687,0.9390567592884895,2.875035483893198,7.304762285437238,3.680081980028273,8.308409892247628,21.084522410059204,-45.86768658515,0.22871572001636914
0.585,1.4117224027561108,0.9163542789481711,2.81028745314774,7.193257673708656,3.624310658566868,8.194892435247723,20.83151828720319,-45.20545098723999,0.22310788603882073
0.59,1.3752744508767822,0.8929441031569453,2.7431014354471865,7.0728068005461795,3.5634379262843714,8.07278820491091,20.55261290608666,-44.49035549754085,0.2173897594319008
0.595,1.3385813981448218,0.8693611079580079,2.674882088378072,6.94541054912318,3.4982798668830233,7.944041961705425,20.251478132124728,-43.73373089589191,0.21169588110601698
0.6,1.3022720679153221,0.8460045208979794,2.6068590216727965,6.8128483171154475,3.4295497472989305,7.8108351481331875,19.933498889288398,-42.947975038581106,0.20610741596830956
0.605,1.2672742400680912,0.8234822460319731,2.5406248768018638,6.677123623466359,3.3582158352108564,7.675800399877468,19.605518243399914,-42.14882632376598,0.20078694850532053
0.61,1.2339558111482483,0.8020232398877821,2.477056741937904,6.53982361899693,3.2851456799551184,7.541201088382992,19.27400847485842,-41.34898209941761,0.1957675348543815
0.615,1.202913760405607,0.7820145567318798,2.417264162907313,6.402964757582621,3.2115655698280663,7.409158762937445,18.945348189434654,-40.56236806016772,0.1911383919534905
0.62,1.1744893625240804,0.7636782742533085,2.3619501909795404,6.268427334349615,3.1387732138739195,7.281142930149156,18.624464155548296,-39.79987398080808,0.18694860859453918
0.625,1.1486182887787564,0.7469635564122419,2.311223113631003,6.137713773919027,3.0679802489711747,7.1579460927541065,18.314310805929285,-39.06791362980942,0.1831578397780167
0.63,1.1253340751858965,0.7318930282217573,2.265199347928797,6.012190065295821,3.0003349292557613,7.0400889496592,18.01662879549288,-38.37143526871504,0.17976616883130841
0.635,1.1042043731809854,0.7181827949095981,2.223279162281738,5.8923174624085135,2.9363820905064575,6.927451161218049,17.731572131375316,-37.71008126921208,0.17669218564823408
0.64,1.0846042114146788,0.7054181612768825,2.1845321523990577,5.777965430389882,2.8761905639489314,6.819560138310972,17.4584232596813,-37.080504197907565,0.17381036337870384
0.645,1.0661201567623877,0.6933386342001121,2.1481682838128804,5.668676104993176,2.8195278511398327,6.715783143905734,17.196011680393706,-36.47869703582978,0.17107126560165892
0.65,1.0479358559645093,0.6814094459588771,2.112852807272806,5.563239824738922,2.7656506858198115,6.615040572788812,16.9422252466577,-35.89668456669467,0.16833021202160248
0.655,1.0297122017507747,0.6694159721315879,2.077855196601003,5.4607179709623574,2.713918870819363,6.516503254349189,16.69529265027103,-35.32895861693597,0.1655425864107407
0.66,1.0112521557924303,0.6572429549092654,2.0426422996375844,5.3601663922730065,2.663684141342992,6.419367713654497,16.45339014713322,-34.77044954324429,0.16270382426782315
0.665,0.9923480072627175,0.6447538598157911,2.006801263872294,5.260824662801257,2.614392263736046,6.323001178023894,16.21500434536673,-34.21689651054111,0.15977101421116244
0.67,0.9735488962237959,0.6323233089962966,1.9709704632986778,5.162865266475684,2.56602844152051,6.227478520273174,15.979951039039511,-33.670035379334706,0.15686952663846965
0.675,0.9551287899581781,0.6201335013025683,1.935575934536725,5.066500227946292,2.5186122679461524,6.132952288586094,15.74831601567875,-33.131265833301214,0.15404688942498068
0.68,0.9377610934375096,0.6086240093304489,1.9017079895188456,4.972810751920995,2.472641864913849,6.040263451461934,15.521618602301,-32.60683506200194,0.15140737924322983
0.685,0.9225670579036154,0.598546767565208,1.8710691433845648,4.883554481027138,2.428997025491017,5.950803794253201,15.302539132578937,-32.107256437755574,0.14917910523148975
0.6900000000000001,0.9098486838916076,0.5900741114820329,1.8445427910551342,4.8003492562229235,2.388416486742855,5.86597790765972,15.094030206766313,-31.640580376660683,0.147341001287663
0.6950000000000001,0.8997020366941346,0.5832794735157525,1.822433088520898,4.724107283633293,2.3512908113761233,5.78665762201644,14.898114057823705,-31.211513301501945,0.14592899693112177
0.7000000000000001,0.8931867258331035,0.5788652803039319,1.806412577522388,4.657117166765941,2.31875073593635,5.714747409496461,14.718758967060804,-30.83296751227131,0.14512871771337243
0.705,0.8900330673324848,0.5766422586514703,1.796418908643965,4.60030588258595,2.2911823314771036,5.651203823185743,14.558185103014125,-30.508822742875537,0.1448514397973488
0.71,0.8901850333184058,0.5765760096113177,1.7924894194895373,4.554518762472147,2.268972401680995,5.596880977832401,14.418315843473758,-30.243019583310524,0.1450812014777036
0.715,0.8930508308549547,0.5782823138016293,1.7938034607363034,4.519597933293344,2.252008640878976,5.551842117245888,14.299488947356858,-30.033786340733805,0.14571216218994962
0.72,0.8978086739334643,0.5812213714580187,1.7991268991835678,4.494751113658355,2.2398711932760533,5.515604636491727,14.200923836875782,-29.875893736233397,0.14658607498296217
0.725,0.9037687835593102,0.5849551061882781,1.8072228033490538,4.478722623192683,2.231942812966473,5.487241550761752,14.120885007068932,-29.762345526531035,0.14760690530510373
0.73,0.9097830357356598,0.5887342161084851,1.8161993421355351,4.469358543128684,2.2271465078802106,5.465082567117976,14.056164773976885,-29.681042935594764,0.14857400788050246
0.735,0.9151235886968637,0.5920918400896701,1.8246556703472163,4.464574365428815,2.2244789153650895,5.447419286947092,14.003355610390031,-29.621078051221826,0.14937883828614384
0.74,0.9191389453793528,0.5946161481663848,1.8312690782991108,4.462049033034284,2.2228374517811123,5.432312255729345,13.958479244916465,-29.57064360879901,0.14994151578624193
0.745,0.9212038295404604,0.5958982908115181,1.834860238895816,4.4595368554749495,2.2211571271846426,5.4178599108798595,13.917512068233526,-29.518182117741112,0.15015385691858882
0.75,0.9214476111167699,0.5960374962521933,1.8352905247913767,4.455624095181876,2.218830665246241,5.402766480274714,13.877408740880337,-29.457481061867608,0.15007551296934526
0.755,0.9198720326092582,0.595037064486019,1.83241549552436,4.449073182760629,2.215314063446883,5.385914999755732,13.835380977106606,-29.382724625991816,0.1497168728975168
0.76,0.9169827206191963,0.5932251462379946,1.8269244875158055,4.439682527367157,2.2105783182649406,5.367011405791967,13.790145694485012,-29.29371495329622,0.1491647151515668
0.765,0.9136738632386813,0.5911933081543597,1.8201193094950474,4.428063849246557,2.204991629211502,5.346435155497284,13.74170607603369,-29.194781326439575,0.14859819744426805
0.77,0.9105342627943863,0.5893122909876322,1.813093792426688,4.415151477496664,2.199019035793133,5.324906358218142,13.690868638822922,-29.09097957762711,0.1480937797662398
0.775,0.9087038081226656,0.5883231133797783,1.8077282289102736,4.402922135884609,2.193641128216879,5.303986969491512,13.640209643412593,-28.99336208081951,0.14784711238935438
0.78,0.9090075014588701,0.5887583752726342,1.8055328676445683,4.393361497528634,2.1897989985012614,5.285328144867819,13.592741755797432,-28.912524054390705,0.14799497057248628
0.785,0.9119942990926797,0.5909557989687103,1.8077145490936457,4.388556252611858,2.1884474210002574,5.2707221298658435,13.552042132111968,-28.85902263443273,0.14859011044026957
0.79,0.9185372803367531,0.5954857421571628,1.8157975962958237,4.39092909474402,2.190734678784043,5.262229321224506,13.522408154360063,-28.845912064595616,0.14979025517671898
0.795,0.9286939458838058,0.6023702554584723,1.8302057509110439,4.402066287754938,2.19735621154636,5.2613193253856885,13.507257661401946,-28.8808451498405,0.1515757691454367
0.8,0.9426361897723124,0.611708126133055,1.85143059158121,4.423605791274379,2.2090600955427524,5.269476912832437,13.51016344482504,-28.97202981004996,0.15394871536211127
0.805,0.9606635118049358,0.6237066329357216,1.8799398645392897,4.456886499688251,2.226491841330084,5.287913897053286,13.534205331564323,-29.126800242908683,0.15699272007425416
0.81,0.9825998356838601,0.6382319013587394,1.9156788274000984,4.502902191101407,2.2501092570624284,5.317580630578427,13.582031401296105,-29.349766103050193,0.16063211700928456
0.8150000000000001,1.0088298933628121,0.6555447505529709,1.9591828098342279,4.562907626823984,2.2805614222301607,5.35956254541024,13.656476633931282,-29.648022937250555,0.1649573144651682
0.8200000000000001,1.0396193936306113,0.6758218122934284,2.0108746785032814,4.638032292149016,2.3184405669469625,5.414840245602598,13.760147721846138,-30.02779704496314,0.17002039251168014
0.8250000000000001,1.0756106746340919,0.6994781221529374,2.0717996373497236,4.730094589463906,2.364700419021868,5.484916938217328,13.896612646448432,-30.49913026319205,0.1759172951871016
0.8300000000000001,1.1183448942028662,0.7275385978504503,2.1442512036765256,4.842090683942861,2.420932357121119,5.57220097910961,14.071108273862327,-31.07941877428025,0.18295184617446358
0.835,1.169129126397468,0.7608500837972734,2.230488276923513,4.977487040368216,2.4889217706355096,5.679563970800364,14.289857348971305,-31.787623693097956,0.1913261366932469
0.84,1.2304080887835005,0.801012444408457,2.334477840362407,5.141773406484917,2.57149809540007,5.811487579101462,14.562238536121878,-32.65435296156788,0.20145703684700125
0.845,1.3049267917705842,0.8498286244870132,2.4607759140735195,5.341557296164872,2.672036852879566,5.973434686109317,14.899714363782826,-33.71610328045514,0.21382881807491594
0.85,1.3953025658446907,0.9089875583940616,2.6141063275580763,5.58456505384084,2.794415680423034,6.171869932312221,15.31602954457409,-35.01410153634624,0.22882494228933756
0.855,1.5052697879026844,0.9809375344532385,2.8007472476877378,5.8805725273810046,2.9435734437720926,6.414873265973679,15.82835324858688,-36.60141378292576,0.24708680411541611
0.86,1.637690976418498,1.067536361555192,3.0259869972261515,6.239369025656483,3.1243801556938497,6.7106236760107665,16.454601011894606,-38.52924084780675,0.2690527156763185
0.865,1.79552900468937,1.170697898090618,3.2953224493944315,6.671768405664031,3.3422040620638596,7.06801340120238,17.214614261752793,-40.853294388831095,0.29514498104667114
0.87,1.9820369801178659,1.2925647660056394,3.6144088031847352,7.189068987173079,3.6026953008293936,7.496083652330649,18.129045982049952,-43.63182797254597,0.3259235813509526
0.875,2.198466603054044,1.4339212894983915,3.9862431358201875,7.800897183079532,3.910568828054181,8.002313234100683,19.21630408105396,-46.910189492120544,0.3614752259899786
0.88,2.446848553117313,1.5961049737985609,4.414413862327745,8.517343565793672,4.27087642654268,8.593883579933163,20.494710319308,-50.73629578029684,0.4021145917618841
0.885,2.727782679268673,1.7795240760496365,4.900194136832766,9.346216732217265,4.687533915146519,9.275492308546749,21.978372649856922,-55.14303774819225,0.44792135125249977
0.89,3.040294332965801,1.9835147925713148,5.442490505456687,10.293109108994207,5.1633372753049676,10.049206234185938,23.67682758154462,-60.14737076633479,0.4985910422497095
0.895,3.384759569228404,2.208381884415046,6.0412095836172774,11.363278685636697,5.70113501066681,10.915641741094912,25.59671731666908,-65.76538035519896,0.5542566452221362
0.9,3.758065681036997,2.4520834791810584,6.691321470395511,12.556829248052875,6.301122135877425,11.870561500735604,27.73520060837786,-71.97948426397575,0.6143002457567905
0.905,4.158093820989464,2.7132371240762305,7.388682240154474,13.873396055244818,6.963439320724556,12.908446839946897,30.085793909752766,-78.76937821526579,0.6782890206570652
0.91,4.584139784527747,2.991509147085075,8.130169977353955,15.311058958466276,7.6877127125072615,14.022130023134574,32.63659232666484,-86.10966314726838,0.7463503405117541
0.915,5.0216728364290795,3.277126093041823,8.894765844920487,16.85181062869894,8.464764267332601,15.192923755789607,35.351728968203524,-93.87010673036997,0.8153145062790104
0.92,5.4831091383327415,3.578812831048896,9.694070748201609,18.49885283838469,9.29793836087718,16.417898059072357,38.2190797883481,-102.07847284525909,0.8887112550521258
0.925,5.958725182558293,3.8897327234499266,10.516220237034842,20.24243237560743,10.182405115268086,17.686790048211172,41.21210800076732,-110.6519681496466,0.9635546585268648
0.93,6.442368694271691,4.206080334023601,11.349034248787218,22.064227525117914,11.109423683237237,18.983551502029382,44.290458248094964,-119.48459020645514,1.0394461690364238
0.935,6.927647976684664,4.523642748415421,12.181267821973607,23.945815829381704,12.069853687549688,20.293173414457478,47.414709450736915,-128.4712454120547,1.1151347010321526
0.9400000000000001,7.411682632802665,4.840631409491747,13.006115886366267,25.869614326404225,13.055091961730776,21.60271192266509,50.547813414881084,-137.52402382673296,1.1903625237566353
0.9450000000000001,7.888199089061381,5.1529191350031365,13.81306241074697,27.813381304846963,14.054364346784256,22.89759809067771,53.647491836005685,-146.53109849078768,1.2640825402022509
0.9500000000000001,8.35212965153271,5.4571333409194445,14.593617297296074,29.755447304034846,15.057702805139158,24.16499019169243,56.67126323845275,-155.38772561754624,1.3354420808346337
0.9550000000000001,8.799015305707385,5.750312820113074,15.340206830217916,31.673674592098415,16.05421949930463,25.392048035249847,59.57497859940322,-163.98830715122332,1.4038517655587903
0.96,9.222768497383417,6.0283417423810945,16.043769338272348,33.545074655492435,17.029797275167162,26.565082820458557,62.31650836367944,-172.219608908204,1.4682665269409985
0.965,9.61819682024575,6.287723175862634,16.696662607533046,35.34757497463533,17.96746688756721,27.671981139456953,64.86516111726074,-179.98267004937918,1.5279036623235323
0.97,9.977544082027627,6.523276673314649,17.287899213181166,37.055258442871875,18.84757444891246,28.699031626889496,67.19710437269555,-187.16924287127034,1.5815543786414674
0.975,10.294146811025135,6.730618696724536,17.80786912777908,38.64230000215673,19.654635258326472,29.632452211899743,69.29472108636523,-193.68495716158625,1.628214355716951
0.98,10.562568020676686,6.906289835145271,18.24850707283496,40.08210410668946,20.379668262284234,30.458294708752504,71.13872110066846,-199.44332933569646,1.6671766374752381
0.985,10.777065544987884,7.046677431000843,18.60172739087131,41.346651475925974,21.016975114877063,31.16474235979352,72.70777371497861,-204.3591819373727,1.6975693277338832
0.99,10.933733309324907,7.14938782956332,18.862220401896547,42.412082535541884,21.56470472441864,31.745624242770003,73.9814620146131,-208.36803785496383,1.718823237934182
0.995,11.029059757498892,7.212173883372412,19.025357328311017,43.26024800664321,22.0264274083666,32.19610905196693,74.935710595796,-211.41553277256364,1.7304471886717647
1.0,11.059936182055134,7.232831901520299,19.087338432994223,43.879365164286206,22.407737941654542,32.51144990276651,75.55087917929848,-213.46141571977657,1.7318774144363003
1.0050000000000001,11.025352880102528,7.2104846845073185,19.04693404581648,44.26152608794949,22.70686904019245,32.69157655575998,75.82252105904004,-214.4883172622673,1.7230533021884356
1.01,10.924028968798348,7.144068834880121,18.902546505241947,44.397378786205074,22.907949975302273,32.74125701093627,75.76778096173177,-214.48879711921035,1.703786461246378
1.0150000000000001,10.756260786344397,7.033655891427656,18.65453129162058,44.27835711148856,22.987883196830445,32.66586089817726,75.43019392811942,-213.480882554206,1.6741398224546473
1.02,10.523821432809356,6.880451446558923,18.304752446213755,43.8994578055199,22.92590899319425,32.468076503379464,74.8635123197605,-211.5005709273812,1.6345903698525375
1.025,10.228217014519693,6.685522532809296,17.854854501368322,43.264269528316184,22.709711064461093,32.14909617814534,74.10451605030492,-208.5814897807873,1.5853033177594544
1.03,9.88402751213275,6.458849376033218,17.323581333294534,42.40144923739232,22.347433537267165,31.717710644300983,73.17497146289976,-204.83721357203584,1.5291908813287693
1.035,9.490079442668822,6.199582501267351,16.710606168914012,41.330663761000785,21.84976777262124,31.17381245709979,72.05155902140436,-200.27135173657996,1.4652810195156287
1.04,9.060556743294908,5.917388649724561,16.034025506156908,40.082816040884914,21.23261095452447,30.529869924842366,70.73212093875085,-194.98592536133,1.3965370060250488
1.045,8.601442866549522,5.61605770391976,15.303579578930576,38.68925864693433,20.504318774945187,29.788757985156373,69.23328790998896,-189.06012275757757,1.3234196873924422
1.05,8.120358779545594,5.300599534927516,14.530395173755268,37.18346909179202,19.679770927172086,28.946630607544122,67.57323449261378,-182.58165540560836,1.2471971832521247
1.055,7.623722473973435,4.975180952547349,13.724260778680637,35.589458955527455,18.787661147144817,28.011360800650323,65.74479998979989,-175.6252711101893,1.1688263890687585
1.06,7.118048530827782,4.644006169581682,12.895405476446463,33.922383049452854,17.85867912668989,27.00815613192321,63.73039633067151,-168.2663450914286,1.0892706320644339
1.065,6.607557746497053,4.309735012712995,12.051138926863063,32.192316529430514,16.907804717434697,25.96200877356735,61.53242352780255,-160.5721078013675,1.009122911039182
1.07,6.094645837662219,3.9738663560787817,11.19609943922047,30.40889276004547,15.94037984632586,24.887131742688766,59.17191057231166,-152.60161415787312,0.9286879143838047
1.075,5.581621338997423,3.6379108922672327,10.334366118967818,28.583094140855405,14.961864582040397,23.788973054992233,56.67337749157656,-144.40952250288325,0.8483151835183617
1.08,5.070357496242975,3.303121728958902,9.469259436872548,26.726314068757517,13.976226868886993,22.66715550721672,54.06565499738619,-136.04640889444227,0.7683190827858495
1.085,4.562011871528222,2.9702982190599725,8.603081245289992,24.849608661101588,12.98609890973319,21.518785755449585,51.37867422297485,-127.5574219621069,0.6888633618456995
1.09,4.058800785710484,2.6409738442491935,7.739400102178081,22.964337089037688,11.996010232372775,20.342389418569628,48.63670909746125,-118.98898549585469,0.6103651679210383
1.095,3.5638678791980913,2.3172969954627405,6.8831944701076475,21.08187167813598,11.012467785560466,19.139248344462565,45.85769207623753,-110.38903018008655,0.5333911856491628
1.1,3.0807942283597627,2.001658813692952,6.040446284036,19.213182316188313,10.04189667034806,17.913442007510294,43.05774050490394,-101.80769941784445,0.4585388266230098
1.105,2.61400032307849,1.696974734722505,5.21868799475458,17.36974519762409,9.089718617889831,16.672211881960298,40.254910114617644,-93.30280245970687,0.38655386354221954
1.11,2.168140005630476,1.4062911732723637,4.426109706984043,15.563565856099757,8.16019413362947,15.42540627153541,37.467993676536516,-84.93591153126063,0.3182109398869492
1.115,1.7477746169083388,1.1325532941949543,3.671241385243959,13.807448003778894,7.2572097713515795,14.185098923601732,34.71659841019538,-76.77212330455725,0.25419913923912946
1.12,1.3581181970017082,0.8791321285785043,2.9636270698963982,12.115621566927903,6.385909721014838,12.964986232936653,32.02270938275707,-68.8854735696295,0.1953694843407377
1.125,1.0028700760341345,0.6483678751108879,2.310977997104419,10.50165872799104,5.552367528270096,11.77798727423783,29.4080059140225,-61.344482486483145,0.14224728598515257
1.1300000000000001,0.6853608636491767,0.4423392237747071,1.7204778838733743,8.97973091151241,4.764130286024659,10.636791889450883,26.894707846973887,-54.218796918339926,0.09525819178377237
1.135,0.40940396187336536,0.2635003778955951,1.1994571608323332,7.56439877452152,4.029458485254253,9.553844502431302,24.505041473935975,-47.58016755792106,0.055062981904461177
1.1400000000000001,0.17433148936652387,0.11127465954515567,0.7492208019351058,6.265460094772731,3.3539495545929974,8.538196651248338,22.255444160709153,-41.469180397956364,0.021303160458527405
1.145,-0.011350591170400812,-0.00872014127998487,0.3828529235734888,5.102399062353843,2.748367839055037,7.6065563343330505,20.1770301199741,-35.99275647663655,-0.004378921067718443
1.1500000000000001,-0.164371356618719,-0.10780161502200697,0.07975144298508276,4.065132296933907,2.2069995262642967,6.755067535618414,18.26393835838474,-31.07304052818116,-0.02567552116951875
1.155,-0.27570813973526,-0.17968666235352337,-0.15014469308658634,3.16403699454517,1.7358622471258596,5.994663032581121,16.536320873645145,-26.78519628488277,-0.040147257433217856
1.16,-0.3518229004938983,-0.2287984264629222,-0.31453143659753013,2.396283770926396,1.3331948379732175,5.327796372668611,14.999499342601325,-23.112188407307816,-0.04943306742834029
1.165,-0.3952873692380059,-0.25678783987696024,-0.4177196910591034,1.7593460182658285,0.9974967535023762,4.756829013222091,13.658689155046918,-20.048677858518722,-0.05388810857244914
1.17,-0.41153225138437277,-0.2671883794556079,-0.46838574525823784,1.245089459423304,0.7242208936935178,4.279490918652319,12.510912825328706,-17.558215360350548,-0.05439228809010256
1.175,-0.40590721546389497,-0.26350805833263335,-0.4753930362527967,0.8438034020064151,0.5080179174704503,3.8915748507737353,11.549932701924387,-15.596635134861394,-0.05188538066805554
1.18,-0.38217692025110594,-0.24814197060890747,-0.4460301160725211,0.5452423408537687,0.34345743174887383,3.587596995728858,10.767117996805569,-14.120219915548065,-0.04684578578766126
1.185,-0.34541911017054405,-0.2243959362197499,-0.38919685160091955,0.3368195441614464,0.2239578875749837,3.3596453616738224,10.14911007183131,-13.07042103507063,-0.04009987899195048
1.19,-0.2987456898135582,-0.19427355655500914,-0.31114179607985026,0.20744866307341098,0.14389640458874656,3.200237648715987,9.68283722100012,-12.39816918688408,-0.032089662520204024
1.195,-0.24458538210015604,-0.15931205677996993,-0.2170699129419683,0.14642240450375987,0.09797285337861285,3.1016298867575527,9.354210693672005,-12.056178321343985,-0.02309012332940563
1.2,-0.185260628886982,-0.1210274669704227,-0.11153469034855058,0.1439205788505816,0.08135413622231855,3.0563329087241753,9.149240483768823,-11.99955150060966,-0.013473781564550941
1.205,-0.12093489547026022,-0.07948932441086382,0.004033076949994859,0.1930559200073611,0.09081602706165852,3.0586945173805113,9.056979437441294,-12.199998339899421,-0.003156380538856943
1.21,-0.05205700838167436,-0.03498132390484679,0.12830600770293257,0.2877529193744821,0.12351192594302957,3.103536881098464,9.067241652772402,-12.631143139034814,0.007832121724800684
1.215,0.021814340112393867,0.012776771409691887,0.2615913266599631,0.42432172765160747,0.1777937343046867,3.187393223570891,9.173035290537882,-13.27829463298619,0.01956825490682329
1.22,0.10192732644688907,0.0646186026876816,0.4054719620847511,0.6009039472350901,0.2529447348685908,3.308173873609132,9.369959582102945,-14.13632864532248,0.03232865163820639
1.225,0.18851588613755246,0.1206707811459941,0.5605612214257207,0.815866920848262,0.348245251580686,3.464093437691269,9.654377726452541,-15.19843832764476,0.04610714061931158
1.23,0.28267591215777454,0.1816454197219291,0.7286405588380352,1.0692538620251844,0.46381752399660486,3.6546841287801977,10.025226473414529,-16.467037451244796,0.06109361299947605
1.235,0.3844647107678845,0.24757418532086922,0.9100716970492969,1.3603452513733427,0.5993152582625795,3.879018373310037,10.480704170716841,-17.938786802514453,0.07729319969934247
1.24,0.4931147011640333,0.3179246490794686,1.1040905997476704,1.6878895510433132,0.7540498230959362,4.135841041470021,11.018470910145417,-19.605883068883415,0.09450183721596125
1.245,0.6082321480466995,0.3924581203865075,1.3100183293882381,2.0504075922808886,0.9272583980534282,4.423700161693017,11.63564569680487,-21.460413998770882,0.11269357535505369
1.25,0.7271481976960115,0.4694077517897655,1.523996522144019,2.443485492159202,1.116597470278488,4.738977700700407,12.325096856279407,-23.47605950126351,0.13134954953570202
1.2550000000000001,0.8481589803105436,0.5476670498548151,1.7430885346658926,2.8629112189798303,1.3199070211192674,5.078049712378027,13.079249574339885,-25.629211768320047,0.15017975045983242
1.26,0.9660111840332328,0.6238120390398699,1.9589633891313454,3.298465787644002,1.5318897736110169,5.432550208934268,13.881215479619243,-27.86121223699899,0.16830444339271028
1.2650000000000001,1.0835812666627413,0.6998246759664495,2.1742386626191808,3.74903141868743,1.7522489499008398,5.8003998668462255,14.725278284977279,-30.171018557080483,0.18641550027883633
1.27,1.1935405017548875,0.7708064032118315,2.3785159755813656,4.202600090776825,1.9746256078217541,6.1714232162801546,15.5908214479824,-32.48533516131097,0.20300198987035137
1.2750000000000001,1.2946723538402949,0.8360575763514243,2.568309746422875,4.651237034198031,2.195122574351869,6.537760062939408,16.46093128758057,-34.76216945642331,0.2180788946211216
1.28,1.3841020232437642,0.8937148028944684,2.738421311607128,5.08527072295024,2.4089257159470265,6.89032798537871,17.31604071859891,-36.94797839386533,0.23117518973421053
1.285,1.4606923433244012,0.9430619411561462,2.886149284690832,5.496831046279656,2.61230142393299,7.2218000708506285,18.138953270059048,-39.00194082999141,0.24215152721363556
1.29,1.5236561982404455,0.9836179029965606,3.0095014513073015,5.878466907124613,2.801845806912409,7.525968471426073,18.913141969411615,-40.88715018776993,0.25095155708292377
1.295,1.5724811118761644,1.0150517793915674,3.1072799436016156,6.223830695824778,2.9747561735437635,7.798277854045864,19.62370551286887,-42.57287756650327,0.25749457754824306
1.3,1.6082945379663023,1.0381301101594933,3.18072446068026,6.529193182786185,3.1295855202883853,8.03666594120591,20.25954475569238,-44.044182487687664,0.26204406014300796
1.305,1.6318839793392719,1.0533675791147064,3.2310587101030706,6.791854035236725,3.265238713674177,8.240169085742991,20.811843121080702,-45.29015407044625,0.2647389336385568
1.31,1.6449419499474793,1.0618661077889007,3.2610159182305125,7.011560099514977,3.381601441137253,8.40973939632058,21.276848294275535,-46.31343988021469,0.26586675877797084
1.315,1.6493251529407338,1.0648381952034582,3.2737333832876656,7.189381566964081,3.478761564283778,8.54736860836247,21.65574479425473,-47.12491424236797,0.26576106841891756
1.32,1.6462068516353474,1.063020346611092,3.2716357469118917,7.326966474454261,3.5567228701838007,8.655303853617628,21.95322876699252,-47.73765557688924,0.26457075787072093
1.325,1.6376069899557377,1.0577274980226206,3.2581968570853626,7.427903549561151,3.6166002613877435,8.736595828379675,22.17695804977497,-48.17423636427966,0.2626474230249147
1.33,1.624891844475186,1.0498343119439117,3.2360503638511102,7.496223570682312,3.6599007799536425,8.793631456718641,22.33426050109938,-48.45499105793792,0.26019832223102146
1.335,1.6092900546255628,1.0401154961182684,3.2076354864595045,7.536662171638449,3.688595522786178,8.828451232944403,22.432798196759475,-48.60093063388681,0.25738256887728844
1.34,1.5919140083929264,1.0292856464368145,3.175061464545535,7.553736092150153,3.7046749557923437,8.842861869277321,22.480146228964518,-48.6320633005968,0.25438313237072113
1.345,1.5729660317590604,1.0174468725534178,3.1391497306639424,7.550576428833452,3.7096277018277344,8.838466040338567,22.48273946461781,-48.56215849385005,0.25118631863406654
1.35,1.552665777646909,1.0047228138769777,3.100547646910882,7.529624258119446,3.704941382781286,8.817447434145281,22.446285996938435,-48.40404017767769,0.2478049624394141
1.355,1.5308642536167896,0.9910098909788443,3.0591803381878555,7.492266485620849,3.6918550672114367,8.781747008253179,22.374218814985767,-48.16536094910842,0.24421918217409735
1.36,1.5070438472901864,0.975951435168339,3.014408655878472,7.43944439019054,3.671456300563552,8.732524850266975,22.267868791245476,-47.84900580611977,0.2403076251223038
1.365,1.4813676757518859,0.9596619534217367,2.9663410718885146,7.372576651161318,3.6449681259375626,8.67064712266345,22.128051135016424,-47.45973774383329,0.23612409654005231
1.37,1.4535074712982379,0.9419261423350845,2.9144430435071245,7.292374664096985,3.6128231714159997,8.596120066662621,21.954774102716726,-46.997586030719006,0.23161745591188188
1.375,1.4237322926520737,0.9229091350253384,2.859116329654169,7.200331137012647,3.5753749756481357,8.509578308446676,21.75031524565975,-46.46816830583743,0.22681097048165977
1.3800000000000001,1.3912368050116561,0.9020853362959174,2.799155812353228,7.095993390859677,3.531681170831553,8.410569233846743,21.515383595229068,-45.867686585152214,0.2215813316643646
1.385,1.35694740071695,0.8800743526576374,2.7357341439759377,6.980827910399162,3.481858665006264,8.30034583720932,21.253546548605833,-45.20545098724229,0.21611622344666567
1.3900000000000001,1.3214754688726682,0.8572750286259461,2.6698222267494662,6.856340868966866,3.426179053886488,8.180381106030147,20.96836685199935,-44.490355497543284,0.21051498850918626
1.395,1.2855911444932473,0.8341916284309342,2.602681088507755,6.724474080410281,3.3653049641673958,8.052472511844421,20.664106382614886,-43.733730895894496,0.2049091906575643
1.4000000000000001,1.2499438622857948,0.8112399883985613,2.5355173907926143,6.587342302978871,3.300095650930762,7.918504938557357,20.34594406054666,-42.94797503858384,0.1993869392592257
1.405,1.2154951392093845,0.7890515187186765,2.4699479591240556,6.447489046915953,3.2317631235437103,7.780647269931694,20.020314894729943,-42.14882632376872,0.19411746591231663
1.41,1.1826821513361305,0.7679021698697759,2.406936823311495,6.307075946093308,3.161544595042393,7.640886490672825,19.69280713310504,-41.348982099420255,0.18914688489646528
1.415,1.1521939416931821,0.748240250333275,2.3477302539660565,6.168540533798936,3.0910440604123655,7.5016380946376096,19.36840119729839,-40.562368060170385,0.1845798240306623
1.42,1.1243954845105524,0.7303019975897718,2.2930967162851306,6.033812836116308,3.021609776908191,7.365205657478917,19.050985317813023,-39.79987398081066,0.18046628879767865
1.425,1.0991735843918875,0.7140029267504386,2.2431056638306246,5.904121483948803,2.954182691077224,7.2334770589897595,18.743094881549492,-39.06791362981181,0.17675543344935635
1.43,1.0765044746913925,0.6993280082459628,2.1978000832153715,5.780462033054493,2.8895648175401147,7.108033919219877,18.446304113525258,-38.37143526871733,0.173437909401632
1.435,1.0559161613287724,0.6859680297068882,2.15651583638106,5.662987815674778,2.827987993539302,6.989499990475071,18.160778866238424,-37.7100812692143,0.1704266638145116
1.44,1.0367537631236374,0.6734892519441704,2.1182675637084585,5.551355698128023,2.7692572299532507,6.877693794042723,17.886095142292994,-37.08050419790968,0.16759184153949974
1.445,1.0185936374908107,0.66162521020713,2.082235258156363,5.444992898606826,2.7130006628953383,6.771881908530391,17.62148432414846,-36.47869703583178,0.16488322213837286
1.45,1.0006443776459095,0.6498582896719383,2.0471039070137445,5.342677766259511,2.6585321336271535,6.670643231272642,17.3650635475576,-35.89668456669659,0.16216139840290855
1.455,0.982618948483591,0.6380083059807148,2.0122089342020484,5.243512752200709,2.605439457678727,6.572730494102082,17.115048926687216,-35.32895861693788,0.15939087447025568
1.46,0.9643779167563861,0.6259971414439846,1.9771029546626366,5.146580718826895,2.5533866680428297,6.476955226451093,16.869472861796332,-34.77044954324614,0.15657614141710643
1.465,0.9457632193995766,0.6137195141453651,1.941456487162017,5.051105930858854,2.5021449716766377,6.382377682141934,16.626647291980486,-34.216896510543016,0.1536815000347888
1.47,0.9273581267131678,0.601570676078403,1.9059737769919392,4.957208067125265,2.4519825782174265,6.288843634211495,16.38626191014946,-33.670035379336596,0.1508366905236796
1.475,0.9094445978125322,0.5897360263270466,1.8711109837956146,4.865008487209051,2.403105046523236,6.196342544025239,16.148429151395483,-33.131265833302926,0.14808906881071232
1.48,0.8926782567188496,0.5786415502304714,1.837947618432291,4.775470612590342,2.356088210010418,6.105595941183189,15.9148741682323,-32.606835062003675,0.14553878200070497
1.485,0.8781525560201128,0.5690195130643502,1.8081520082479785,4.690244432492636,2.311825539862336,6.017905511336332,15.68854799515499,-32.10725643775714,0.14340895263193884
1.49,0.8661485134380316,0.561027553998236,1.7825743019596598,4.610879448966854,2.271058943080032,5.9346159399190075,15.472600419002477,-31.64058037666223,0.14167532878942993
1.495,0.8567527018085286,0.5547322306726975,1.761497901869848,4.5382687646494695,2.234194197415511,5.856573247128328,15.26912160418095,-31.211513301503288,0.14037272123639177
1.5,0.8510235823268987,0.5508345402925319,1.746586930023146,4.47471800314337,2.2023828854780563,5.78568247616927,15.082052322225538,-30.832967512272546,0.1396868453476002
1.5050000000000001,0.8486910556640703,0.549144306558142,1.737774493394036,4.42118610236294,2.1760165974348453,5.7229193233783064,14.913562053267,-30.50882274287651,0.13952888163637162
1.51,0.8496942419804834,0.5496234798669,1.7350893112402677,4.378545176567778,2.155454668275918,5.669165950803551,14.765564945962815,-30.243019583311284,0.13988187673174854
1.5150000000000001,0.8534296193020154,0.5518799956459473,1.737693157773566,4.346646974541345,2.1405201075471556,5.624515691773604,14.638463009516549,-30.03378634073444,0.14063785417406796
1.52,0.8590577987786499,0.5553627739205684,1.7443249695010536,4.324689288492564,2.130700925214992,5.588514714751983,14.531607744553625,-29.87589373623381,0.1416355882292173
1.5250000000000001,0.8658687510467973,0.5596212576211151,1.7537151777562945,4.311392630591272,2.1252781042489497,5.560262879284342,14.443430952429653,-29.76234552653139,0.14277583847956574
1.53,0.87269530427014,0.56389495148095,1.7639391460132692,4.304577065564923,2.123080419724087,5.5381147289461525,14.370886231695403,-29.681042935594984,0.14385515226883772
1.5350000000000001,0.878794289004295,0.5677085841158751,1.773567425955747,4.302139226051012,2.123027809620446,5.520384045348708,14.310693835023816,-29.62107805122197,0.14476289409340348
1.54,0.8835035735056374,0.570645094575327,1.7812553629014158,4.301752097983344,2.1239588980874324,5.505148261679483,14.258962491861702,-29.57064360879919,0.1454178907438447
1.545,0.8861916168640285,0.5722931384106753,1.7858088502623,4.3011788319327176,2.124761731969632,5.490513922361167,14.211722743782136,-29.518182117741283,0.1457113441151483
1.55,0.8869853040150294,0.5727518731149874,1.787081188060361,4.299025690205853,2.1247867338528,5.475181660233775,14.16596583419468,-29.457481061867853,0.14570283962038155
1.555,0.885886991610555,0.5720263836564992,1.7849257257335356,4.294078799056211,2.12345035360457,5.458016597097917,14.11893671199477,-29.38272462599211,0.14540312444157052
1.56,0.8834051832270836,0.5704477597309734,1.7800341607796804,4.2861550119127685,2.120690937745216,5.438691462089842,14.069390894780526,-29.293714953296572,0.14489960418260217
1.565,0.8804382584550084,0.5686110068612233,1.7737136894580101,4.275872322142442,2.1168582020884776,5.417540038083208,14.017375684511947,-29.19478132643989,0.14437218584557793
1.57,0.8775801667869748,0.5668906705567,1.7670656735196144,4.264156241016519,2.1124202412896445,5.395230472635293,13.963738008755026,-29.090979577627454,0.14389816498536998
1.575,0.875976470709203,0.5660316268968794,1.761979148035394,4.252962253499313,2.1083856483372845,5.373276224008866,13.91107672883344,-28.993362080819804,0.14367404233887887
1.58,0.8764585005241954,0.5665705757793805,1.7599742966873801,4.244250790455868,2.1057453758129365,5.353292236795286,13.862394823759242,-28.91252405439097,0.1438375140452898
1.585,0.8795825413401713,0.5688498677197276,1.762269453430741,4.2400892952427585,2.1055177742103477,5.337052368119136,13.821218993074021,-28.859022634432886,0.1444423998217782
1.59,0.8862298220271694,0.5734449500022162,1.770401847293221,4.2428941356451215,2.1089173176731784,5.326618470046961,13.791757997720588,-28.845912064595552,0.1456475843438613
1.595,0.896467319535143,0.5803838866194859,1.7848102284071918,4.254259333833276,2.1166969561751032,5.323480078002287,13.777312596419929,-28.880845149840237,0.1474348099401648
1.6,0.9104771620166168,0.5897721521178396,1.8060027456176924,4.275844061916015,2.129645740922007,5.32915760270876,13.781322799015804,-28.972029810049527,0.14980760492703335
1.605,0.9285689331379607,0.6018233272506777,1.8344640809900918,4.309019352615383,2.1484300676307098,5.344910129919961,13.806733414103022,-29.126800242908036,0.15285099627510682
1.61,0.9505768363533822,0.6164099687801667,1.8701570202798934,4.354818964684469,2.1735082477429466,5.371744169177827,13.856060174579605,-29.349766103049284,0.15649078084623616
1.615,0.976896011752631,0.6337996281806905,1.9136349428999524,4.414542298109895,2.2055125487910145,5.410806781443907,13.932011921595844,-29.64802293724943,0.1608188639177522
1.62,1.007802044908322,0.6541753823634817,1.9653384443689261,4.489365420683741,2.245006555333401,5.463142222509735,14.037078310906676,-30.0277970449617,0.16588872472834718
1.625,1.0439462466670912,0.6779580964094125,2.0263294562924625,4.581153547157556,2.2929088976623726,5.53031655207956,14.174719947951086,-30.499130263190253,0.17179757804400422
1.6300000000000001,1.0868773646164407,0.7061775669103812,2.098916529154287,4.692950269307725,2.350773589357066,5.614798416333817,14.35007481178687,-31.07941877427807,0.17885028962173644
1.635,1.1379068517396762,0.7396833859137588,2.185369347198943,4.828270253471929,2.420351584577915,5.719515861461578,14.569277048778082,-31.78762369309529,0.18724942529437708
1.6400000000000001,1.1994802740307358,0.7800759033178932,2.289660279939286,4.992654841530133,2.5044429567943904,5.84900284517778,14.841624147305229,-32.65435296156464,0.19741178001576734
1.645,1.2743418372080364,0.8291574555416916,2.4163473744709916,5.192769980011212,2.6063974859938552,6.008772746138863,15.178495102098125,-33.71610328045112,0.2098213659055665
1.6500000000000001,1.3651076546086687,0.8886159882718994,2.570155046558771,5.436407206414722,2.730070832550248,6.205340257337426,15.59354324433992,-35.014101536341336,0.2248613740354804
1.655,1.475509900299738,0.9608982884960657,2.757360495436142,5.733408409873341,2.8803866100951945,6.446831854824088,16.10384552946209,-36.60141378291984,0.2431727694336721
1.6600000000000001,1.60840668539646,1.0478593816593655,2.983248175791518,6.0936181381177486,3.0622113067350094,6.741461009118995,16.727243151630855,-38.52924084779955,0.26519307183425356
1.665,1.7667546213668546,1.151409156384374,3.253308235380385,6.5278841831350345,3.2809236721867485,7.098134691433659,17.48353636946264,-40.853294388822476,0.2913435336588009
1.67,1.9537997914808256,1.2736857846687146,3.573187636710701,7.047508551394558,3.542198908097046,7.525882912332949,18.393381440948374,-43.63182797253575,0.322183028002128
1.675,2.170786221868258,1.4154687305632678,3.94587445271405,7.662087942064828,3.8507914971508206,8.032144410655617,19.475239231509935,-46.91018949210853,0.35779709100112245
1.68,2.4197368189864115,1.5780903817131162,4.374948058399967,8.381655096342628,4.2118043906246445,8.624037002379497,20.747524704224972,-50.736295780282866,0.3984994281840831
1.685,2.7012445444874373,1.7619542840900078,4.861674573050547,9.213946005073733,4.629213481141058,9.306182603107224,22.224453407401654,-55.14303774817627,0.4443689634045431
1.69,3.0143267850013724,1.9663906794548387,5.404953171234239,10.164480655919636,5.105883313970937,10.080571095127944,23.915664711188025,-60.14737076631677,0.4951004830586114
1.695,3.359349871824574,2.191696743628556,6.004681435285919,11.238466606382977,5.644739916268553,10.947749519367802,25.827870313230335,-65.76538035517875,0.5508260399896868
1.7,3.733193759387496,2.435824012185635,6.655822339204668,12.436000384331797,6.2460627771953074,11.903416705979511,27.95823688108458,-71.97948426395368,0.6109275123772455
1.705,4.13373751955112,2.69738612896953,7.354231673336242,13.756753251598923,6.910085145201968,12.941973904088995,30.30023796100418,-78.76937821524176,0.6749727468232339
1.71,4.56028116034682,2.9760483339264665,8.096794140917734,15.198877019064609,7.63652641822411,14.05613476131865,32.84191078073964,-86.10966314724257,0.7430906555273904
1.715,4.998303330193696,3.2620393247157002,8.862501404200335,16.744472951071742,8.41627279677974,15.22706558382022,35.54733781092355,-93.87010673034307,0.8121137032862711
1.72,5.460245832521528,3.5640934182972,9.662972482188108,18.396971089559997,9.25261650046263,16.451744725080466,38.40425347616147,-102.07847284523044,0.8855754985609167
1.725,5.936432424026917,3.8753948930464257,10.486378163321637,20.147101114003885,10.140466199247829,17.720025236169864,41.38567370646799,-110.65196814961692,0.9604966046153754
1.73,6.42076678552124,4.19216154945538,11.320576721637138,21.97723404831413,11.070622756943674,19.01631419646552,44.45042939371211,-119.4845902064248,1.0364849532371707
1.735,6.906902396214545,4.510195984200752,12.154352931262457,23.869456560134424,12.033501679645688,20.326284941582497,47.55825704399847,-128.47124541202405,1.1122940868807216
1.74,7.3919187648341875,4.827672969334957,12.980838279948252,25.80574103574397,13.020403453615652,21.637309046524507,50.67248362167523,-137.5240238267023,1.1876568958285234
1.745,7.869444618878909,5.140399687908309,13.789387544377538,27.76211540988881,14.02079250124751,22.934468805067432,53.75297777638124,-146.5310984907572,1.2615124123483537
1.75,8.334329196870549,5.444955303139782,14.571412598539414,29.71489393642559,15.025119583827248,24.204429302083778,56.75958487302994,-155.3877256175166,1.3330011218959013
1.7550000000000001,8.78196253824957,5.738285358254656,15.319169162716959,31.640915079037008,16.023537599007465,25.43413167649473,59.648793544184684,-163.98830715119456,1.4015124612641976
1.76,9.206212321836274,6.016256449579303,16.023528674892983,33.517171205102414,17.00345121510546,26.60987426366446,62.37711198680668,-172.21960890817672,1.4660030953539978
1.7650000000000001,9.60212471589562,6.275559312496915,16.677161355239228,35.321551864547004,17.948592532645417,27.718931301280104,64.91301146661036,-179.98267004935363,1.5257378340114074
1.77,9.961935863923452,6.511055956319262,17.2691605106312,37.02672178376356,18.838295757163507,28.745682630892805,67.23689830920921,-187.16924287124704,1.5794924184686867
1.7750000000000001,10.278646367016666,6.718212434725727,17.789527099640225,38.6047449831311,19.654608369851633,29.674213087742046,69.3388113630251,-193.68495716156548,1.6261938419069035
1.78,10.546813091023322,6.893639094326074,18.23008538883627,40.029333020996155,20.3848890241797,30.490343795234562,71.20308886814918,-199.4433293356783,1.665137453512564
1.7850000000000001,10.761037226009766,7.033974106811035,18.583080939656405,41.27688737815,21.01868139314318,31.184493442404047,72.80552352085847,-204.35918193735773,1.695504345867558
1.79,10.917465443690196,7.136807327353376,18.84325848252902,42.329710489074905,21.548669034339387,31.7540919873862,74.12131939894275,-208.36803785495192,1.7167161257935295
1.795,11.012449479772155,7.199712046252543,19.005806430141856,43.17307731883336,21.973262608217787,32.198513760425364,75.12445046078048,-211.415532772555,1.7282611131867311
1.8,11.043361517111162,7.220755675432326,19.067549530107712,43.791728035567274,22.30123367526261,32.516501767061484,75.79059534279915,-213.4614157197713,1.7296906367839224
1.805,11.010017093682665,7.199610666363069,19.02849409966232,44.17039488737935,22.552825599278552,32.70711557179291,76.09876099583373,-214.48831726226547,1.7210987526007466
1.81,10.911958564369433,7.135760584675991,18.888334176087195,44.303030248688785,22.743013785059205,32.76610476235875,76.03816579906692,-214.48879711921194,1.702429598728559
1.815,10.750182977841703,7.029699155677603,18.648533776442946,44.1957374531401,22.858875380980514,32.688246243368596,75.63577332065239,-213.48088255421115,1.6738346242833324
1.82,10.52471156752621,6.881367610156714,18.308993060714368,43.84427782786729,22.857945640069993,32.48047365779024,74.96740603082651,-211.50057092738967,1.635395916254471
1.825,10.232489323598852,6.688738946994606,17.865332010411304,43.23229775465663,22.693810768686426,32.16279094037212,74.11956256470862,-208.5814897807987,1.5864678686619669
1.83,9.885246670655796,6.459958148402036,17.33162710759008,42.372962156436984,22.352650906879003,31.75499200974957,73.15017133035789,-204.83721357204993,1.5296056565038414
1.835,9.484141505441032,6.195858596319773,16.70944716175687,41.292736145475075,21.84496139295757,31.24588894507313,72.03390296219222,-200.27135173659693,1.4644154467824178
1.84,9.04823873372128,5.909417495237118,16.023145978993163,40.04057899666676,21.199925029496697,30.624426031557636,70.74548383122274,-194.98592536134922,1.3947096746186711
1.845,8.585516099349423,5.605709606379327,15.28606311729757,38.65270415244852,20.44051125832878,29.88188434633153,69.28659009760884,-189.06012275759883,1.3211444708231768
1.85,8.102480956877244,5.288961683247123,14.508759848807772,37.154215722526494,19.59068127305639,29.024426519590087,67.66743239541378,-182.58165540563132,1.2446973819159044
1.855,7.604269002699026,4.962499275400971,13.69949445156671,35.56543883699991,18.682112925194374,28.073195853638552,65.87214464271048,-175.62527111021362,1.1661164963801198
1.86,7.097446983850574,4.63058439939732,12.868309416012375,33.90509954685721,17.748193893200863,27.05801774228611,63.872275883122036,-168.26634509145435,1.0864175867581736
1.865,6.586473136506757,4.296024010647019,12.02273213032024,32.181910106573945,16.80362426838114,26.005491702312355,61.669623829458104,-160.57210780139428,1.0062289597761556
1.87,6.0732305519874865,3.9599543102864505,11.166757833167413,30.397581810470395,15.847280717261091,24.931235982729042,59.29982366710643,-152.6016141579007,0.9257496016365458
1.875,5.560070203456805,3.6239198929069607,10.30439424294629,28.55953145535614,14.880458029897344,23.84023599559322,56.79555090799718,-144.40952250291159,0.8453620704637689
1.8800000000000001,5.049361648073848,3.2895075556902342,9.439582408904508,26.682899063365845,13.90707446117565,22.728439686735356,54.18407072436602,-136.04640889447106,0.7654736327220242
1.885,4.542133888075794,2.9574199976044455,8.574593610051535,24.784810964363924,12.928976395984325,21.586450318567294,51.496831529222106,-127.557421962136,0.686205536691398
1.8900000000000001,4.040195400097035,2.6289184052025782,7.712515563365661,22.88220730813923,11.948523280273355,20.406553488035478,48.76216968989847,-118.98898549588417,0.6079025952278224
1.895,3.5464608739853105,2.3060055265751687,6.8579646602449555,20.989708591498317,10.96995422016197,19.1881113781799,45.999722855836126,-110.3890301801159,0.5311022986606322
1.9000000000000001,3.0644766718558305,1.9910554280840855,6.016799239584216,19.1178171562813,9.998705370790706,17.93958879885574,43.22285218186858,-101.80769941787385,0.45640480085642965
1.905,2.5986545719787895,1.6869813246768082,5.196499796058294,17.274536311521832,9.040971049057568,16.67634951255301,40.444254374249226,-93.30280245973566,0.3845557775336375
1.9100000000000001,2.1535280011759674,1.396749438848481,4.4050810307652855,15.467986093795586,8.1029941790162,15.414855931747699,37.678409908978736,-84.93591153128888,0.31630718430589644
1.915,1.733577525505083,1.1232550848380394,3.6509239772120488,13.708912127004162,7.191386022141676,14.169200636347828,34.94253021996643,-76.77212330458474,0.25233793153937306
1.92,1.34416142690141,0.8699700836918429,2.9437095545815155,12.011925882208695,6.313915886627617,12.951489270416488,32.256770109088905,-68.88547356965586,0.19353156243624578
1.925,0.989288870562627,0.6394426134253035,2.2915579819349583,10.392443757429712,5.478259546186926,11.771938873333808,29.641082278441857,-61.34448248650823,0.1404687521171234
1.93,0.6725493821736702,0.4339190599466559,1.7020669135852178,8.866391176271572,4.692291081306526,10.640963410155939,27.11700279710588,-54.21879691836356,0.09361327216943235
1.935,0.39782929951205503,0.2558950949272063,1.182766209088807,7.449246923959177,3.9636817262179385,9.569317235274015,24.7078021582993,-47.58016755794287,0.05362906981801395
1.94,0.16433483650405387,0.10470464224794113,0.7348716124191808,6.15108462252303,3.296882917305453,8.56474698987414,22.432426464697556,-41.4691803979762,0.020128475119864483
1.945,-0.019683223281062437,-0.014205999858815321,0.3711443807480902,4.991422967471965,2.701263003286956,7.643011352007856,20.325096385141666,-35.99275647665427,-0.005292253558241058
1.95,-0.1712081517808954,-0.11232057629223281,0.07059466627460606,3.960011604758579,2.1698042395736232,6.799783391615631,18.382740964727333,-31.07304052819689,-0.02636548190003196
1.955,-0.28139037848915877,-0.18346610638909744,-0.15715599459931726,3.0667951357833743,1.7074569111732167,6.045813335016214,16.627818947221513,-26.785196284896394,-0.04067546356955406
1.96,-0.3567735302339527,-0.23211590170165738,-0.3200017126649181,2.308235788725806,1.3117112315985502,5.38345116898119,15.067551171830676,-23.112188407319255,-0.04986974325417511
1.965,-0.3999232215469747,-0.2599139630486555,-0.4223163944642251,1.6808641219501486,0.9806865842156619,4.8149588342661325,13.708620212652402,-20.048677858528258,-0.0542982638706432
1.97,-0.41618808265997065,-0.2703377937977731,-0.47270863063456275,1.1755051349441237,0.7098712073701314,4.337949394221749,12.548948757965046,-17.558215360358098,-0.05482454816753444
1.975,-0.4108092597302386,-0.26682368276744806,-0.4799031616820757,0.7815153080081852,0.4942985312224206,3.9481159300738664,11.582611547472409,-15.596635134867213,-0.052370017970807876
1.98,-0.3874537835173369,-0.2517034753048947,-0.45103762567699135,0.48805641851257475,0.3291020364981877,3.6400009447817623,10.800653650228686,-14.12021991555238,-0.047398195889447124
1.985,-0.35113275454297815,-0.22824075783919745,-0.3948896414441094,0.28243231101432864,0.20828733963170568,3.4058191541628,10.188871825980895,-13.07042103507356,-0.040726394027243255
1.99,-0.3049198141942087,-0.19841535513218878,-0.317623568933001,0.15389656450610828,0.12672118001428756,3.238299542100666,9.733002549037998,-12.398169186885761,-0.03279186994248695
1.995,-0.2512119495332263,-0.16374448958280424,-0.224375704617704,0.09236756412037517,0.07944195291509559,3.1299867452771246,9.417579367859236,-12.056178321344635,-0.02386512433208883
2.0,-0.1923110166364532,-0.12573123358101213,-0.11965045960489215,0.0887072984396896,0.0618083991569125,3.073722119728765,9.227322460645322,-11.999551500609376,-0.014316027318681345
2.005,-0.1283674906770049,-0.08443700169305889,-0.00484442750009165,0.13662972392921274,0.070665211957816,3.0642043851996226,9.150206626661351,-12.199998339898329,-0.004058652150924264
2.0100000000000002,-0.059825310405806985,-0.0401426127777749,0.11873435535067248,0.23053863614524794,0.1031492320305083,3.096605771451188,9.175205716618597,-12.631143139032972,0.0068773865396987415
2.015,0.013751420691409302,0.007428250897589194,0.2513943985773168,0.36711782100092455,0.15753947797590617,3.167759381296155,9.294736662106898,-13.278294632983613,0.01856725598202771
2.02,0.09359641161377356,0.05909940455438041,0.3947026493011325,0.5448128687682258,0.23301381133617935,3.2757652432305027,9.5040535018745,-14.13632864531921,0.03128479236776937
2.025,0.17992638151773924,0.11498608921617257,0.5492479340380102,0.7622390009201889,0.32874669907698006,3.418891987043247,9.799379363927272,-15.198438327640751,0.045020909481000654
2.0300000000000002,0.2738177400183662,0.17578762186871238,0.7167818413144015,1.019617144371511,0.4447734748747257,3.5966200170185774,10.179677239032383,-16.467037451240117,0.05996241185740579
2.035,0.3753100506519722,0.2415241273280671,0.8976359819112817,1.316271146378063,0.5806790158958479,3.8079702272288487,10.643284541443972,-17.938786802509092,0.07611175603825654
2.04,0.4836161374934484,0.3116503170843073,1.0910133454427684,1.6507520782084848,0.7357140774715719,4.051863309332245,11.188012151457254,-19.605883068877393,0.09326169839343583
2.045,0.5983016422335106,0.3859004304925215,1.296174493626306,2.021031466580156,0.909051024733577,4.32753310334906,11.811042860027813,-21.460413998764253,0.11137902656407997
2.05,0.7166337271506105,0.4624652583406582,1.509164528760189,2.4217784205026005,1.0982675334969085,4.632666138898549,12.505149991417358,-23.47605950125634,0.12993395428727034
2.055,0.8368553198405868,0.5402039710189536,1.7269542781307745,2.8477343235839516,1.3011320053415465,4.9651727413048246,13.26253039051639,-25.629211768312533,0.14862879620351632
2.06,0.9537209626671627,0.6156995837534908,1.9411961891868863,3.2879120871627694,1.5123358799510667,5.317701376590224,14.066058393753554,-27.86121223699121,0.16658782806550132
2.065,1.0701921784236337,0.6909919770728272,2.154605174022415,3.7409735341412387,1.7316634136152853,5.688174534603538,14.909898203206087,-30.171018557072536,0.18451960719990165
2.07,1.179071319409326,0.7612697467767203,2.3569667652290125,4.195078703226157,1.9529098693435336,6.065682650274329,15.773420440813538,-32.48533516130303,0.20093573802051287
2.075,1.279277246903919,0.8259219130042952,2.5450103279441536,4.642468169029868,2.1723666121572696,6.441608637757504,16.639644077985164,-34.76216945641562,0.21587254942367096
2.08,1.3680356178133484,0.8831496291402587,2.7137217449172084,5.073362525684363,2.3854148063351492,6.806635750954464,17.488785304232835,-36.94797839385805,0.2288730960839814
2.085,1.4442323219554263,0.9322493440262438,2.8604837618627497,5.479417392422237,2.588498103185414,7.153835713914621,18.30342628961123,-39.00194082998467,0.23979798788098985
2.09,1.5069810670007548,0.9726714430365453,2.983211406202634,5.852541454114522,2.7783045953549954,7.477610520351868,19.067259959376422,-40.887150187763794,0.24856982510636974
2.095,1.555575930892802,1.0039558058742817,3.0804499850192397,6.186122698780399,2.9519882159390196,7.773449902034802,19.766261394572258,-42.57287756649787,0.2550737163775221
2.1,1.5910032413161395,1.0267781226841004,3.1532019368266417,6.477225123441823,3.108000088988274,8.038035470549683,20.390385042379407,-44.04418248768302,0.2595535460725467
2.105,1.6140723288381729,1.0416720460721733,3.2026539400308565,6.725164553817077,3.2451442659144085,8.2676453418002,20.931643062947096,-45.29015407044236,0.26215861607470764
2.11,1.6266227954183432,1.0498397361615868,3.231700563361093,6.932194954905647,3.363070925597544,8.45957357519082,21.387232413049205,-46.31343988021152,0.2632050053361844
2.115,1.6307193023675435,1.0526319100035484,3.24376749276163,7.101428049865224,3.4615648577403997,8.612407009503302,21.759333952325775,-47.12491424236552,0.2630617606474597
2.12,1.6277664007016999,1.050936838367393,3.2416388060226513,7.235371403976,3.540561331664482,8.726597490506864,22.052868538350083,-47.737655576887455,0.2619148556204792
2.125,1.6199437516299968,1.046171494737506,3.2290846179609627,7.337123542964537,3.60140121651437,8.805782807081348,22.274591513260546,-48.17423636427847,0.26013751217328834
2.13,1.6086121454590878,1.0392016775328474,3.208821090969904,7.409117780356919,3.6459259048715458,8.85510250597346,22.430281502463473,-48.45499105793709,0.25792854175370067
2.1350000000000002,1.5947980967157753,1.0306637465008135,3.183074660629528,7.454075293553476,3.6762483285576626,8.88028018047127,22.526383689283914,-48.60093063388655,0.25540672815629756
2.14,1.579303239377685,1.0210655512617828,3.153529435248024,7.475006388548625,3.694250570284094,8.886044978500522,22.570161506944707,-48.63206330059688,0.25270171866316665
2.145,1.5620616979672408,1.010334902682293,3.120571637914223,7.474588712987165,3.701234959668485,8.87521167475479,22.568395313410896,-48.56215849385052,0.24975969095119072
2.15,1.5431660838240255,0.9985168280453751,3.0845718689027213,7.455731773150943,3.6985569784007475,8.849699195967846,22.52721766594238,-48.404040177678375,0.24657988093675928
2.1550000000000002,1.5224758217543042,0.9855177921693442,3.0453770296799365,7.420621332756843,3.6873053346279208,8.810590619152766,22.45032350528704,-48.1653609491093,0.24314960751773496
2.16,1.499514122711922,0.9710096422172871,3.0023572053114225,7.370705800679206,3.668219020763378,8.758615649837065,22.33922879733675,-47.849005806121006,0.23935566113743942
2.165,1.474456233295598,0.9551145185079843,2.955623292077945,7.30755110977454,3.6419868985351607,8.69469165824736,22.195061259518244,-47.459737743834765,0.23525285881537927
2.17,1.4469497723674152,0.9376003707758606,2.9046048599074705,7.23186405716534,3.6085107682498854,8.618805186044833,22.01846627891027,-46.99758603072066,0.23078482040666898
2.1750000000000003,1.4172357204385901,0.9186138487597688,2.849656920445482,7.145166215405237,3.5679022059318592,8.531065357907252,21.81255761808114,-46.468168305839335,0.22597050520654924
2.18,1.3845546644221507,0.8976613298914066,2.7896185339430786,7.0472447375629725,3.5195962481937397,8.430072599755778,21.57824147950464,-45.867686585154274,0.22069708320844228
2.185,1.3499522975470855,0.8754424066413974,2.7258197184200683,6.939814415709449,3.4645748939353984,8.31631048743864,21.318362987189555,-45.20545098724468,0.21517387437039948
2.19,1.31414495219691,0.8524242468808758,2.6593989041539525,6.824187991046939,3.4039414324043387,8.191258897409483,21.03548316026225,-44.49035549754587,0.20951600961432182
2.195,1.2779482474065706,0.8291390918936953,2.5917184076144295,6.701537697814101,3.3388240613383244,8.057648068289735,20.73305577171778,-43.733730895897125,0.2038596504162478
2.2,1.2420106023921569,0.8060004706596182,2.524016664728511,6.57291564962625,3.2701494723320974,7.9188182155705995,20.415773395510087,-42.94797503858653,0.19829066514986565
2.205,1.2072727704751638,0.7836253215416612,2.4579008197147036,6.439936102888021,3.198914068026549,7.778198607181791,20.09000470107899,-42.148826323771424,0.19297402361464436
2.21,1.174154711836837,0.7622782969613962,2.394316368427571,6.304224961103544,3.126068536614997,7.638383908268896,19.761602138585413,-41.34898209942305,0.18795327032942485
2.215,1.1433561624007784,0.7424154122202138,2.3345210475133786,6.168153900132862,3.0530708701438645,7.501637959978082,19.435876963663468,-40.56236806017304,0.18333583684383192
2.22,1.1152670338935382,0.7242896477996908,2.279317593931439,6.033916974102748,2.981289294779451,7.369513173921792,19.117104177185723,-39.79987398081321,0.1791761781802177
2.225,1.0898073172282285,0.7078385324052521,2.2288250884534806,5.903162737671674,2.911849115784672,7.242848487179204,18.808153326163286,-39.06791362981426,0.17542911743607936
2.23,1.0670036628261563,0.6930803973248907,2.1831632021079193,5.777385375150523,2.84589263324679,7.122222095918659,18.510594124169014,-38.37143526871963,0.17209386739422838
2.235,1.04643483524172,0.679739122087724,2.141752290055497,5.657227359483972,2.7840299222057046,7.00755101369433,18.2242555860981,-37.71008126921653,0.1690912272737103
2.24,1.0274721732703398,0.6673972993774198,2.103663996652793,5.542722171150948,2.7263374243341096,6.898335054945003,17.94828187107658,-37.08050419791178,0.16629429457885792
2.245,1.0096749884263907,0.6557759540509575,2.0680758861967496,5.433500766171922,2.672502268891134,6.793848211039019,17.681670855548333,-36.478697035833804,0.16364819418208226
2.25,0.9921866214588553,0.6443133433732071,2.0335955546682745,5.328367544820419,2.62164163018062,6.69288633921828,17.42269246155436,-35.896684566698546,0.1610011591975977
2.255,0.9746288813143629,0.6327689174654294,1.999428520677426,5.226351945363331,2.5729536259368295,6.594494832662505,17.170029691519844,-35.3289586169398,0.15830229019100972
2.2600000000000002,0.9567804483797966,0.6210113784250211,1.9649925826023378,5.126469953133178,2.5256355538832835,6.497767413020253,16.92224858463502,-34.77044954324812,0.15554371562893082
2.265,0.9384371934927273,0.6089065353935891,1.9298631488458589,5.027957259117048,2.4790215740581143,6.401989212150895,16.67803754257551,-34.2168965105449,0.15268412880453391
2.27,0.9201744687172251,0.5968458286408267,1.8947039853334091,4.931024616707828,2.4330285532209563,6.307150845402024,16.43725337598448,-33.6700353793384,0.1498537856887699
2.275,0.9022964284016175,0.5850302764727444,1.859981609935127,4.835932673051419,2.3876299554706693,6.21331237629277,16.199977641813025,-33.13126583330478,0.14710494982320815
2.2800000000000002,0.8854998255094308,0.5739134187924653,1.8268240602130412,4.743795684861932,2.3433010007827595,6.121227242449652,15.96772880655051,-32.60683506200546,0.1445450986265505
2.285,0.8709222032974558,0.5642564374345768,1.7969640797323434,4.656384676723901,2.3009392101980186,6.032225392476067,15.743160113979037,-32.10725643775881,0.14240439844862052
2.29,0.8588776800912461,0.5562382228545043,1.7713091846304163,4.575316585144358,2.261351376839982,5.9476915692956975,15.529132515950419,-31.64058037666377,0.140663300539786
2.295,0.84947046283157,0.5499362780033737,1.750181333938151,4.5014948990052375,2.2250356795486623,5.868521555338248,15.327514499788053,-31.211513301504695,0.13935865687921964
2.3000000000000003,0.8437621822524735,0.5460531133515334,1.735261410733192,4.437190680901329,2.1932455747750104,5.796672948062732,15.142105670486206,-30.832967512273683,0.13867599666889052
2.305,0.8414759034110928,0.5443936820023911,1.726481268513815,4.3832979618326355,2.1664749904799994,5.733162788551666,14.975011272768693,-30.50882274287753,0.13852493722475676
2.31,0.8425378405248541,0.5449112679841276,1.7238554439867213,4.340608529730015,2.1451839799486088,5.678892342677545,14.828144045709108,-30.243019583312098,0.13888620090882423
2.315,0.8463299189873913,0.5472042492123722,1.7265251684124259,4.308891625337108,2.1292956664567773,5.633946398704125,14.701943930811211,-30.033786340735087,0.13964944377976837
2.32,0.8520002832539506,0.5507134940512213,1.7332088237800654,4.287269954492527,2.118398125903668,5.597836307865651,14.595815230069988,-29.87589373623431,0.14065158067355368
2.325,0.8588310588102619,0.5549835116600783,1.742621297390003,4.274401944930363,2.111868170529498,5.569605858765888,14.508241390035959,-29.76234552653169,0.14179235383009697
2.33,0.8656525396378194,0.5592523761796471,1.7528298461558631,4.268061639082278,2.1086180509978734,5.547543286438084,14.436217092509285,-29.68104293559521,0.1428681647405281
2.335,0.871724215641337,0.563046765713707,1.7624051757433092,4.266116980007348,2.1076301215308364,5.529896394265334,14.376489418776071,-29.62107805122219,0.14376904315364963
2.34,0.8763906071433339,0.5659541309006397,1.770010054130629,4.266229172610073,2.1077789609802116,5.514686122748582,14.325179577712149,-29.570643608799354,0.14441504542472808
2.345,0.8790287906424109,0.5675688435460151,1.7744624368865056,4.266161336582004,2.1079634838675183,5.499976651590254,14.278321816709052,-29.5181821177415,0.1446988175381357
2.35,0.8797730825769392,0.5679948948233086,1.7756278166780248,4.264524523850543,2.1075264367292004,5.4844419695253865,14.232911341281309,-29.457481061868084,0.1446810573562613
2.355,0.8786295672133748,0.5672396910382769,1.7733675596466931,4.260107796265494,2.105863450209541,5.466935524428291,14.186208167387335,-29.382724625992374,0.14437293133686108
2.36,0.8761064898511971,0.56563402921409,1.768375627075647,4.252727698553438,2.102883714939398,5.447134340474295,14.136991481041044,-29.293714953296874,0.1438616310138991
2.365,0.8730997204944174,0.563771186186463,1.761957292059527,4.243002003432528,2.0989031619777947,5.425393744056609,14.085327713026672,-29.194781326440264,0.1433265642713447
2.37,0.8702004999308681,0.5620239223879253,1.7552104930544263,4.231861418864093,2.094353913417618,5.4024208794341275,14.032063914830537,-29.090979577627806,0.14284459407830666
2.375,0.8685536974858685,0.561136721061143,1.7500227463938756,4.2212776775819805,2.090208557363873,5.37978292806922,13.979767615212365,-28.993362080820138,0.1426121989164359
2.38,0.868992750796755,0.561647742829148,1.7479164722980285,4.213238278406468,2.087424751135573,5.359157762113956,13.931378832775376,-28.91252405439116,0.1427675259476407
2.3850000000000002,0.8720785204001329,0.5639023990289043,1.750116197635156,4.209844430506341,2.0869929678638073,5.342384852236833,13.890338109269424,-28.85902263443301,0.14336521859918186
2.39,0.8786984524233218,0.5684802434285467,1.758168484366127,4.213547356904807,2.090107341153618,5.3315879782773665,13.860757065421158,-28.845912064595524,0.14456520078901036
2.395,0.8889253939317059,0.575413155519068,1.7725219305767246,4.225972717715638,2.097509487667107,5.3283097337673935,13.845842674200412,-28.880845149840006,0.1463501125864604
2.4,0.9029463144105101,0.584809729708013,1.7936936107944321,4.2488036646198495,2.1099863368116183,5.334110211353877,13.84895581158389,-28.972029810049182,0.14872418677385488
2.4050000000000002,0.9210744057793704,0.596885852890444,1.8221755142081508,4.283424250377514,2.1282107162203237,5.3502725275762915,13.872984084359409,-29.1268002429074,0.15177294659020857
2.41,0.9431450329302749,0.6115147443845221,1.857934304671239,4.330868786439247,2.1526559421406257,5.377810024078401,13.920415077346284,-29.349766103048395,0.15542224967695822
2.415,0.9695514787793087,0.6289626348542623,1.9015225811872485,4.392423922730609,2.1839766844164576,5.417860243109401,13.99396188298861,-29.648022937248278,0.15976356843994022
2.42,1.0005648823107687,0.6494096190934506,1.9533756632390094,4.469239949852196,2.22276450864419,5.471443148128631,14.096149768333097,-30.027797044960238,0.16484956420504734
2.4250000000000003,1.03682973323833,0.6732720435046076,2.0145459323456336,4.563144856266263,2.2699701079213437,5.540087349502054,14.23050402611032,-30.499130263188487,0.17077627333849674
2.43,1.0798861794642083,0.701574055876389,2.0873288281027564,4.677134302862026,2.3271823203410147,5.626212782236205,14.402253221826015,-31.07941877427587,0.17784714293876414
2.435,1.1310375739628333,0.7351599934683869,2.1739804343213684,4.814666114220502,2.3961863293595274,5.732690064962769,14.617639741373026,-31.7876236930926,0.18626349999683528
2.44,1.1927229601063665,0.7756260155468566,2.2784611263167998,4.9812169220438225,2.4798139860006936,5.863989216951658,14.88608160751337,-32.65435296156135,0.1964411915961544
2.445,1.2676806259899538,0.8247706509190268,2.4053179457722664,5.183380928811634,2.581444484208741,6.025554626385391,15.219090744152744,-33.71610328044716,0.20886333927779366
2.45,1.3585212523706591,0.8842783424157966,2.559265137737717,5.428874483409903,2.7049586062515067,6.223829951982917,15.63046151050626,-35.01410153633644,0.22391232053400956
2.455,1.4689736306172176,0.9565937428944471,2.746572586985296,5.727468639276873,2.855296083613123,6.466874755237261,16.137405741966028,-36.60141378291382,0.24222867692179167
2.46,1.6018963453749127,1.0435723111902855,2.972523100977659,6.088952840221349,3.037324509230274,6.7628491762757,16.757872453351332,-38.52924084779226,0.2642501822532665
2.465,1.7602500836955595,1.147126707229618,3.242611212305335,6.5241437572347305,3.256406683921845,7.120627094978833,17.511730034506115,-40.853294388813765,0.29039888925996366
2.47,1.9472870685649681,1.2693991783466474,3.562492594368203,7.044342388782928,3.518185088610461,7.549229553375933,18.419657446701827,-43.631827972525414,0.32123473331390406
2.475,2.1642584588332676,1.4111738692484916,3.9351667311294967,7.6591769413736,3.8273668605307076,8.056108361568429,19.500093954025424,-46.910189492096364,0.35684440535819617
2.48,2.413193610643833,1.5737873202358916,4.3642245776621165,8.37874090383498,4.188996407435844,8.648409571601977,20.77140088094031,-50.736295780268826,0.39754260850149725
2.485,2.6946901243514523,1.757646008064623,4.8509418761299195,9.210857285461437,4.606984161807812,9.330785311854525,22.24772418549315,-55.143037748160175,0.44340891087231066
2.49,3.0077716099492333,1.9620841895059393,5.394229087652442,10.161160308920108,5.0841243530819344,10.105249160574953,23.93861302174479,-60.14737076629856,0.4941391628614382
2.495,3.3528148299979197,2.187405866776386,5.994000647454903,11.234993028426862,5.623267078674688,10.972359895307138,25.85067186476315,-65.76538035515858,0.549867230360072
2.5,3.726715424989304,2.4315727920365844,6.645243843335553,12.432600639152458,6.224616603231708,11.927819965616983,27.98093743233469,-71.97948426393137,0.6099776687709634
2.505,4.127372178870246,2.6932114121254145,7.3438456983982245,13.753800220683651,6.888341929834978,12.966053618352312,30.322711715653746,-78.7693782152177,0.6740415562919693
2.5100000000000002,4.554111159941579,2.9720039466236585,8.08673163888029,15.196846955432914,7.614136694505875,14.079848132718476,32.86379255791442,-86.10966314721661,0.7421921803856815
2.515,4.992449891810028,3.258204788538495,8.852952352798514,16.743816152136937,8.39294772760625,15.250479463019401,35.56798790790589,-93.8701067303158,0.8112686166112204
2.52,5.454872880092631,3.56057625803562,9.65419394813302,18.3978342081552,9.228258498658509,16.47497931202965,38.422946703452,-102.07847284520166,0.8848112095919014
2.525,5.931719815985568,3.8723124717940673,10.47866224839591,20.148927668698523,10.115257099647396,17.743078338611813,41.40216888050515,-110.6519681495872,0.9598418180383396
2.5300000000000002,6.41683161465734,4.1895881831398745,11.31414393461134,21.978390194018843,11.045051180987077,19.03876945600229,44.46586092224217,-119.48459020639419,1.0359549213555344
2.535,6.903683424789675,4.508086155740618,12.149181602681468,23.86729997959436,12.008306812188522,20.347124558952043,47.57569152087297,-128.47124541199307,1.1118715760102917
2.54,7.389208858866139,4.825886281786823,12.976664986253724,25.79774627801677,12.996173154674121,21.655438313872594,50.69560234883194,-137.52402382667128,1.187303845525219
2.545,7.867034814007445,5.138797983308232,13.785885967586307,27.74761375248608,13.997413278511367,22.949641603629487,53.78351529367255,-146.53109849072646,1.2611960619234306
2.5500000000000003,8.332047884479879,5.443426313055342,14.568277613558621,29.695503763502163,15.00173180800245,24.21736235723992,56.79667989034334,-155.38772561748658,1.3326962872001422
2.555,8.779784399833433,5.736815863736632,15.31627601891104,31.619142725100822,15.99879198721569,25.445541194779146,59.69073314714087,-163.98830715116586,1.4012221061518173
2.56,9.204270300002566,6.014936888290254,16.020991979387375,33.49472188885508,16.975882883145864,26.61967754649998,62.423374393944016,-172.21960890814927,1.465753334331257
2.565,9.600371592470248,6.274353814908502,16.674923053302642,35.29885209391159,17.91739832279779,27.726368238565843,64.96489008785294,-179.98267004932814,1.5255131769583354
2.57,9.960125604472976,6.5097977676657415,17.266891542983107,37.00390057456002,18.803418438590626,28.750400075908246,67.29546167351407,-187.1692428712237,1.57924755334607
2.575,10.276668280300091,6.716832051505308,17.78702380298436,38.582576709495974,19.615941453014027,29.677197843451676,69.40279999662695,-193.68495716154428,1.6259174123621354
2.58,10.54488440928132,6.892288161427826,18.22757274324529,40.00900705008539,20.343337090698753,30.49394995536084,71.26741367124325,-199.4433293356602,1.664876663399463
2.585,10.75972281854748,7.033032606127632,18.58129947271802,41.25896738078411,20.98006754260645,31.191695756080833,72.85903600150334,-204.35918193734236,1.6953607789734724
2.59,10.917528455364824,7.13678045928312,18.84330259974926,42.31344425135329,21.525553776028296,31.7665913936247,74.14802181432738,-208.36803785493981,1.7168155368567593
2.595,11.014416161429654,7.200937899618217,19.008561996806414,43.15725716779955,21.983115795016737,32.21439753181903,75.10817412400118,-211.4155327725463,1.7286725577142326
2.6,11.046557067529857,7.222761602122727,19.072380332105066,43.776781157712,22.35782394461505,32.52922991124188,75.72562406554718,-213.46141571976608,1.730258034554218
2.605,11.01270938901185,7.201237939499663,19.033156302491815,44.15847154902779,22.649160121595642,32.70981748706455,76.00224961038096,-214.48831726226382,1.7215152793524662
2.61,10.912226079649045,7.135747719085652,18.890041772163038,44.28982580255122,22.84471174450586,32.76176366914132,75.95209405236275,-214.48879711921387,1.7023866984770892
2.615,10.745464476422534,7.026357757809233,18.643540172730514,44.16580967319925,22.92273722755563,32.69002942996139,75.61403569239248,-213.48088255421624,1.6729085260189194
2.62,10.514045180764692,6.874120216307772,18.29528894921405,43.787642517276474,22.858666948828457,32.49524315963313,75.04204378507202,-211.50057092739823,1.6335205751492106
2.625,10.219149878170638,6.679848405182657,17.846501491730457,43.15682374563033,22.634011913606393,32.18283413133718,74.27799975772578,-208.5814897808102,1.5843208702358946
2.63,9.874032675889675,6.452618330609348,17.314203284924396,42.29237272152954,22.252402092419885,31.7700288248898,73.3535733985743,-204.8372135720642,1.5279826636328713
2.6350000000000002,9.477114402486766,6.191352397471491,16.697243102982302,41.21283960518002,21.722046095821156,31.251797844089,72.25543424215235,-200.2713517366137,1.4635244668085003
2.64,9.044697433232104,5.907203107269751,16.016174735200003,39.963220685905355,21.067231708806244,30.620490647412154,70.97256701781944,-194.98592536136834,1.3943404372202086
2.645,8.585313874373673,5.605685742829002,15.28433657155069,38.58811708782581,20.318811057424895,29.867866190306426,69.48869413322691,-189.06012275762,1.321298502982321
2.65,8.106768950285096,5.291904316009875,14.513821103380234,37.11926149385594,19.509418977867504,29.000055725422563,67.79482848197597,-182.58165540565437,1.2455967412853026
2.6550000000000002,7.612928848991274,4.96829511977686,13.711559163093067,35.56675441865164,18.659008868597837,28.042232100992564,65.89680966288836,-175.62527111023826,1.1676832944700108
2.66,7.107828073362139,4.637429308379609,12.884197196390065,33.929569402082514,17.775182001353144,27.030087593837514,63.813911703879555,-168.26634509148016,1.088140160277778
2.665,6.595999040175353,4.302226105580376,12.038659577150272,32.20862825151706,16.86198853893351,25.99031481118205,61.566576887344716,-160.57210780142117,1.0077149113942234
2.67,6.081296494862548,3.9651640009193416,11.181175351189626,30.412702445606598,15.923986416594808,24.932942915392893,59.17737017828753,-152.60161415792837,0.9269766735732723
2.6750000000000003,5.5661544009166395,3.6278054352320908,10.316184589542372,28.557332948586577,14.964655154680322,23.855250220158837,56.67589185072679,-144.40952250293992,0.8462482056460108
2.68,5.052354799526139,3.29133654546274,9.44697653044933,26.663106802109404,13.98697723412798,22.747645127708104,54.09218303274237,-136.0464088944998,0.7658291172413041
2.685,4.541800943824643,2.9570635038204376,8.576823375893888,24.75218773134967,12.996400192977468,21.60121126274377,51.44590284650482,-127.55742196216539,0.6860323874715006
2.69,4.037463512466347,2.627017393733687,7.7104656254320805,22.843992716416395,12.000593140008302,20.413340826071607,48.74871968448928,-118.98898549591347,0.6073928397652106
2.695,3.5424696566573055,2.3033176472818266,6.853149532497605,20.951465366752327,11.006543371831151,19.189244891912324,46.01239584184338,-110.38903018014535,0.5304441172677842
2.7,3.0599421007371985,1.9880409101421601,6.010416576113416,19.081666248177495,10.020335398558172,17.94057630765075,43.25102723862845,-101.80769941790297,0.4556948884002082
2.705,2.5939877370257913,1.683900394947526,5.189367993399102,17.24080457862347,9.048991141082434,16.68196791709868,40.479936260819514,-93.3028024597647,0.3838467009533064
2.71,2.1491598033627692,1.3938820297659573,4.397986856880205,15.437416140563542,8.100462732056688,15.427083593979098,37.714253845582576,-84.93591153131726,0.31566675699803176
2.715,1.7300271363195758,1.1209412700267614,3.6447561397217934,13.6831796012827,7.18297863000682,14.187785101262481,34.97060551904196,-76.77212330461226,0.25185011782513883
2.72,1.3418716503640058,0.8684957671534878,2.9392811418405467,11.992884415789398,6.304732963164956,12.975349874209984,32.26959612693389,-68.88547356968229,0.19326183412810352
2.725,0.9885277297487042,0.6389761705023956,2.289452291416359,10.381259882654552,5.472524660360683,11.799843261312997,29.633447742631624,-61.34448248653339,0.14045093131569386
2.73,0.673392955705721,0.43450222047856313,1.702576954077138,8.863323131518793,4.692524303419738,10.671555685138031,27.08707200926745,-54.21879691838712,0.09384983246842767
2.735,0.4001590225310803,0.25744246526631087,1.185866874012938,7.4539099631397265,3.970436923967336,9.601283468536346,24.65697734000407,-47.58016755796474,0.054091655322477894
2.74,0.1678346852812605,0.10700254649087021,0.7402012035388765,6.162622136031317,3.3089272645147982,8.597209186050005,22.36462565309158,-41.469180397996,0.020757887535007024
2.745,-0.015478270530578715,-0.011466104459398309,0.3780562616351784,5.008381069026549,2.716130162419932,7.675705140727429,20.246004325117482,-35.99275647667196,-0.004575971979180681
2.75,-0.16683630589424764,-0.109491918554532,0.0782610728992768,3.9802802958281513,2.184519092312963,6.832771025469887,18.29918734474204,-31.07304052821273,-0.02564994806294857
2.755,-0.27738366258552716,-0.1808950112877118,-0.14962045979987906,3.087828402321157,1.719241126250006,6.079049340361948,16.54702013940685,-26.785196284909972,-0.04004348684590342
2.7600000000000002,-0.3535910954410044,-0.23009845529339645,-0.3134246143399417,2.3275367056162986,1.3185231868527667,5.41652340288445,14.99610854462299,-23.11218840733079,-0.04938919475503736
2.765,-0.39789432872201524,-0.2586593730341409,-0.4173617194266655,1.6964757559903978,0.981519534213079,4.847044567473592,13.651567422032963,-20.048677858537722,-0.05401394805992915
2.77,-0.4154928600042898,-0.26995738312125095,-0.46981918845161474,1.1863188077706857,0.7046870312683984,4.367952716550104,12.509283475160773,-17.558215360365665,-0.05475717255581896
2.775,-0.4114972844243284,-0.2673441826552215,-0.4793038256098029,0.7873033279000548,0.48371073017083266,3.974885414666449,11.561401414130595,-15.596635134873079,-0.0525203896297473
2.7800000000000002,-0.389445363952735,-0.25306796276727694,-0.45272819989088764,0.4894098477430834,0.31415374255718037,3.662578667952177,10.797066687786394,-14.120219915556689,-0.04774745978444563
2.785,-0.3542613946212487,-0.23033730741927694,-0.39869523444913074,0.28051725891904267,0.19018323827995948,3.42360715697598,10.200651455739663,-13.070421035076441,-0.041244093473715424
2.79,-0.30895376222893095,-0.20109055180064314,-0.32323009886764587,0.1501543097756997,0.10666063194519823,3.2511446017838663,9.756922687666606,-12.398169186887484,-0.033438588128613986
2.795,-0.25589763065114807,-0.16683250795946147,-0.23139324328041921,0.08823251060021531,0.058493454431475994,3.138165914988911,9.450010087428577,-12.056178321345289,-0.024600224014468614
2.8000000000000003,-0.19741436706530968,-0.1290804594716795,-0.12768305073995942,0.08541744554222361,0.040813353812060346,3.0778820226238657,9.264720530941966,-11.99955150060912,-0.015103937065930582
2.805,-0.1337058573652617,-0.08793054344716611,-0.013548884659982559,0.13514652063432184,0.050201657995404825,3.0652691482758954,9.18943968633089,-12.199998339897272,-0.0048733516505346875
2.81,-0.06528095858706642,-0.04370641187459941,0.10961301024028361,0.23147939871729767,0.08354466859073727,3.095696134587465,9.213746224592327,-12.63114313903111,0.006051108714883381
2.815,0.008231460726946943,0.003826026874186695,0.24200967797041809,0.37066100709246363,0.13892307862069084,3.1661926902196713,9.330716252621944,-13.278294632981044,0.017734478206118894
2.82,0.08801278906528096,0.05545690845801359,0.38511507083602525,0.5505964649728441,0.21538156824235488,3.275125548173371,9.53619742552798,-14.13632864531591,0.030442909104220175
2.825,0.17424152880910682,0.11127717451739598,0.5394423275032979,0.7692968191024591,0.31201624568924163,3.421126384965723,9.826875912807242,-15.19843832763676,0.044161972002382394
2.83,0.26797095129391085,0.17197171051215,0.706689928802858,1.0263943912938482,0.42882808621541296,3.6040645831640408,10.202042166050234,-16.467037451235456,0.059075672696874706
2.835,0.3692374737208515,0.2375593376240197,0.887166952399266,1.3207857174244368,0.5654047399231522,3.8231959518048093,10.660249706481453,-17.9387868025037,0.07518696592521071
2.84,0.47727983652413475,0.30751264491411806,1.080098472644065,1.6509574869963775,0.7210339263595521,4.077218194278164,11.199488488083437,-19.605883068871364,0.09229406442462858
2.845,0.5917350315666416,0.38161379826207975,1.28483650171232,2.015341816904491,0.894967567928938,4.364371111356806,11.817171253108782,-21.46041399875764,0.11037696920288549
2.85,0.7099791608579463,0.4581257642011864,1.497583950558855,2.409586166780856,1.0849136536063912,4.680529743134263,12.50641661920723,-23.476059501249175,0.12892449639636575
2.855,0.8303546944533662,0.5359723864328708,1.7154770067714544,2.8295936379644258,1.2887869440945605,5.02152435928012,13.259848808516143,-25.62921176830508,0.14765399134306922
2.86,0.9476539013343397,0.6117594345800788,1.9302619471112246,3.265216519515584,1.5013808718264927,5.378563695368636,14.060683109637223,-27.861212236983416,0.16569282025218854
2.865,1.064799754112218,0.6874992345999151,2.1446371418975767,3.715345230912618,1.7225102182705299,5.7493355120929195,14.903151360089861,-30.171018557064585,0.1837401719544936
2.87,1.1745121264317155,0.7583250149491209,2.3482894372328627,4.167932582313437,1.945962955892501,6.123650078402232,15.766370293055651,-32.48533516129517,0.2002927422728315
2.875,1.2756244445418707,0.8235698228042363,2.537821021965538,4.61492992318063,2.1680320020696766,6.493929421803818,16.632889536283564,-34.76216945640804,0.21537335147025446
2.88,1.3652986186084328,0.8813938626532998,2.708105563404754,5.046367443646283,2.384127009896006,6.851783482350784,17.48238649781988,-36.9479783938508,0.2285159840945803
2.8850000000000002,1.442377699269737,0.9310664355096797,2.8564386799085004,5.45381842809607,2.5906710271238538,7.190916854760517,18.297076224383336,-39.00194082997793,0.2395755572845114
2.89,1.5059538503780519,0.9720246932199293,2.980679607836843,5.8290919029952875,2.784139991194293,7.506091462484893,19.060696394389964,-40.887150187757705,0.2484723592294596
2.895,1.5552992342297984,1.0037942895670506,3.0793262707518454,6.165212211691021,2.9612083037138106,7.7931198803931725,19.759829502463674,-42.572877566492494,0.25508794805382007
2.9,1.5913044051632186,1.0269864105879094,3.1532442524475894,6.458362512288535,3.1195946957468976,8.049245521847524,20.38579676904334,-44.04418248767837,0.2596479953712049
2.9050000000000002,1.614599067504733,1.0420151614554358,3.203357927451805,6.706586612548034,3.257290938696121,8.271599056029435,20.932434910827343,-45.290154070438504,0.26227047885163124
2.91,1.626924953654417,1.0500210874254028,3.232371016113201,6.911204439541265,3.3736127535020985,8.458404043605801,21.397641388208676,-46.313439880208456,0.26326028699390075
2.915,1.6304786384723142,1.052447554150377,3.2438193945711413,7.075454544497123,3.468961949220139,8.609077902437509,21.781657449144628,-47.12491424236316,0.2630168983380673
2.92,1.626915877731447,1.0503508302970155,3.240815217337105,7.202913633377046,3.5444278536055895,8.724522030404898,22.08593982684782,-47.73765557688568,0.2617703987775021
2.9250000000000003,1.6185589134257243,1.0452385484629083,3.2273793528951433,7.298117472670258,3.6021690062104454,8.807828373264243,22.315033076424807,-48.174236364277185,0.25991171708054495
2.93,1.6067537975259467,1.0379623609409017,3.206277129528648,7.364774353435497,3.6442263763538945,8.862414675354652,22.4749514773282,-48.45499105793639,0.2576309849149908
2.935,1.5924833057334595,1.0291284229239417,3.1797079629266505,7.406465148026328,3.672692438498838,8.891822232650387,22.57359248873017,-48.60093063388631,0.2550387339715193
2.94,1.576561485286175,1.019253717862377,3.1493760917379006,7.426516388204532,3.6894943659346917,8.899178605787844,22.619414113981755,-48.632063300597025,0.25226862778376263
2.945,1.5589594029940892,1.008290828531225,3.115722372812668,7.427272445985519,3.6959338340859387,8.886889426121497,22.619816863162157,-48.56215849385086,0.24927341723468707
2.95,1.539781566641856,0.9962920245686877,3.079146126750876,7.410924119696711,3.6932152001864176,8.85741231876978,22.581215692320356,-48.40404017767898,0.24605322592403348
2.955,1.5188868601672025,0.9831630440267178,3.0395029682873886,7.379028260737255,3.682290948704373,8.812718984552369,22.507175159302975,-48.16536094911023,0.24259481450304715
2.96,1.4958097158253714,0.9685832368646086,2.9961822100535893,7.3327371085588275,3.663882383750099,8.754213079783469,22.398811066860812,-47.849005806122236,0.23878709636291118
2.965,1.4707245664995094,0.952673833925521,2.9493000226474857,7.273516015538245,3.63863410302995,8.683099217289726,22.257105954063626,-47.45973774383625,0.23468411558349142
2.97,1.4432484520923279,0.9351819892192067,2.8982500532434705,7.201885806346045,3.6061944681243183,8.599527015837024,22.083074871464703,-46.99758603072239,0.23022346072199593
2.975,1.4135814355661935,0.9162272824569592,2.843328619691214,7.118989048636614,3.5662465095773497,8.503977419376733,21.88040079659928,-46.46816830584122,0.2254172802438975
2.98,1.3809227942078486,0.8952890402573681,2.7833089986271613,7.024045977266727,3.5177785972230327,8.395817669239303,21.65037744521458,-45.86768658515641,0.2201461527182085
2.985,1.3462760578047814,0.873039404523701,2.719450150465307,6.918160690400999,3.4615334785786365,8.276610570600312,21.395767864412488,-45.20545098724702,0.21461286311068867
2.99,1.3103334969781044,0.8499304356984458,2.6528399365989044,6.802263513709089,3.398737744056895,8.148855453458843,21.118465370872535,-44.4903554975484,0.20892964104172304
2.995,1.2739158780395954,0.8264986928806723,2.5848308018069295,6.677584526210446,3.3309222480932243,8.015760458436443,20.820983605040034,-43.73373089589978,0.2032347806644812
3.0,1.2377102371138178,0.8031840288817913,2.516702923503726,6.545721888734418,3.259508213630025,7.880291756548122,20.50723433622048,-42.947975038589234,0.19762174753744263
3.005,1.202722343607808,0.7806466622018249,2.450152378294474,6.409124678655617,3.1859388087104037,7.744834274267081,20.183140459870213,-42.1488263237742,0.19226681306640583
3.0100000000000002,1.1694379264325585,0.7591942520479253,2.3862280865912076,6.270246617174882,3.1114744623290527,7.610736775965046,19.8544402133724,-41.34898209942571,0.18722386068819127
3.015,1.1386106219149204,0.7393175649658066,2.326283141550814,6.132070881259564,3.0377390808118423,7.479299005059986,19.526439657655082,-40.562368060175636,0.18260820092358035
3.02,1.1106570277217207,0.7212860244873627,2.271182016706084,5.997129682629088,2.9660845970969336,7.351597234874078,19.203460332931286,-39.799873980815754,0.17847715753098417
3.025,1.0854881970291175,0.7050301037687035,2.2210535660255823,5.867163611806927,2.897412296720719,7.228415775355452,18.888567632024596,-39.06791362981672,0.1747825387559941
3.0300000000000002,1.0631042417265744,0.6905501006355972,2.175992179777342,5.743582369214034,2.8325326502167205,7.110522362548458,18.583632864572674,-38.37143526872204,0.17151859125993368
3.035,1.0430584363338802,0.6775531490598694,2.1353837502277937,5.626829329271107,2.771748833686897,6.9981176034836885,18.288788161341824,-37.7100812692187,0.1686020938352906
3.04,1.0247015087724702,0.6656085164758846,2.098266755966864,5.516666007161996,2.7149292932416054,6.890979785324629,18.003449343876113,-37.080504197913875,0.16590307455810352
3.045,1.0075688839616168,0.6544216094428386,2.063779913805339,5.412398391530742,2.661650715834593,6.7886096131967815,17.72690521507373,-36.478697035835836,0.16336278180607167
3.0500000000000003,0.9907736946946024,0.6434108527377359,2.0304820108206836,5.312495581378042,2.6109970909886204,6.689902347431191,17.457798610912352,-35.896684566700486,0.16082446802049996
3.055,0.973901427452057,0.6323118852312335,1.9975192216821072,5.215668906166779,2.562193773753253,6.59387294692592,17.195259213062513,-35.32895861694176,0.15823133109660134
3.06,0.9566920562596586,0.6209681372603832,1.9642439901958668,5.120652450580484,2.514518860092586,6.499500360693199,16.93830440701407,-34.77044954324998,0.15556936823743042
3.065,0.93890510798238,0.6092218551894735,1.9301670796228558,5.026459336527845,2.467428763417763,6.405924922212853,16.685997772527166,-34.21689651054678,0.15279175823232746
3.0700000000000003,0.9210903069889925,0.5974481651108594,1.8959006166145818,4.933163895471962,2.4209804133902546,6.313034359510843,16.43839241355561,-33.670035379340334,0.1500252903626304
3.075,0.9035416490033343,0.5858420111457381,1.861881672734317,4.840987513794244,2.375268895667764,6.22085816230434,16.195564630383284,-33.13126583330662,0.1473213671574707
3.08,0.8869584491096871,0.5748590964802616,1.8292302258898654,4.751084493498313,2.330841654732593,6.130174869542437,15.95889784753254,-32.60683506200723,0.14478848968562708
3.085,0.8724896242847161,0.5652683764433956,1.7996880154994113,4.665311203842216,2.2886141791477765,6.042358476447448,15.730867580996534,-32.10725643776049,0.1426590467131884
3.09,0.8604658085515446,0.5572597234331038,1.7741833641441218,4.585385675950377,2.2493755374563467,5.958828162131635,15.514165837285582,-31.640580376665348,0.14091633541781046
3.095,0.8510100589146589,0.550923023879846,1.7530660576149428,4.512308062941191,2.213594202362808,5.88049407926512,15.310517603131645,-31.211513301506013,0.13960028224207602
3.1,0.8452041823371368,0.5469739777804753,1.7380492491950417,4.448435040536391,2.182494557837439,5.809313129888681,15.123597808889667,-30.832967512274905,0.13889963411773146
3.105,0.8427919106585501,0.5452310012243333,1.7290995494193417,4.394736340146277,2.156545376896682,5.7462975775828316,14.955393799700772,-30.508822742878536,0.13872724789039292
3.11,0.8437199214908713,0.5456606811476126,1.7262671555908708,4.352070536875481,2.1361848228306677,5.692350260316226,14.80769925197249,-30.243019583312947,0.13906701740404462
3.115,0.8473893779549301,0.5478738633915807,1.7287280350448662,4.320266401443626,2.1213164877261095,5.647572161168643,14.680828556758183,-30.03378634073573,0.1398115239184847
3.12,0.8529656184506794,0.5513225236279705,1.7352327643322734,4.298500266034509,2.1115112662584425,5.611508750375773,14.5740523575178,-29.875893736234705,0.14080024677557348
3.125,0.8597448319898097,0.5555602049720652,1.7445239962190728,4.285480156431384,2.10613039950999,5.583255680564614,14.485715369139227,-29.762345526532002,0.14193495147725296
3.13,0.8665667936492499,0.559830982314433,1.754689921668466,4.2790220786158155,2.1040714024622553,5.561161965719157,14.412686576003466,-29.68104293559549,0.14301327908905567
3.1350000000000002,0.8726940467714726,0.5636632924503627,1.7643123251652175,4.277023943443189,2.104301476245401,5.543533355489444,14.351624263275754,-29.621078051222376,0.1439254138574752
3.14,0.8774659272652866,0.5666409243489012,1.772052044133293,4.27715841275383,2.1056789504678624,5.528433109884435,14.298624097184153,-29.570643608799553,0.14459020521575153
3.145,0.8802460774334065,0.5683492157211427,1.7767111494305574,4.277178494835264,2.1070842523195448,5.5139436705863005,14.249771505143315,-29.51818211774167,0.14489781329027662
3.15,0.8811493521348334,0.5688792679678671,1.7781276420522294,4.275665222864166,2.107837738575201,5.498729667094327,14.202186616547275,-29.457481061868307,0.14490561489530907
3.1550000000000002,0.8801602801702798,0.5682243703466264,1.7761291151766447,4.271364902734812,2.107310437538584,5.481611044761869,14.153303217726698,-29.382724625992644,0.14462131490363608
3.16,0.8777671940213518,0.5667024056284485,1.7713754354353304,4.264047781581992,2.105387517833237,5.462215098566229,14.102090506102586,-29.293714953297243,0.14412907212811937
3.165,0.8748503468073778,0.5648966398232002,1.7651423708101468,4.254290219964115,2.1023646634285673,5.4408415516142945,14.048789529941919,-29.194781326440612,0.14360606585101968
3.17,0.8719912721924936,0.5631737370362819,1.7585064836287192,4.2429927722384395,2.0986605335309236,5.418145194032528,13.994381717658243,-29.09097957762817,0.1431279299126284
3.1750000000000003,0.8703311295081889,0.562275999299691,1.7533433334604482,4.232110503856121,2.0952416732947285,5.395650791140536,13.941517852919867,-28.99336208082046,0.1428908580470723
3.18,0.8707048090549643,0.5627427397156604,1.7511723743136878,4.2236272881706345,2.0930666842242758,5.375006928203454,13.893169808870201,-28.91252405439139,0.1430334819214106
3.185,0.8736786418120523,0.5649230921308144,1.7532228498584812,4.219650247066203,2.0931334593766824,5.358036821758155,13.852766081377734,-28.85902263443314,0.14361149872750462
3.19,0.880147708969423,0.5694016724343018,1.7610511572841832,4.222642763196741,2.096648569816438,5.346859446257194,13.824374669740745,-28.845912064595485,0.14478613784964156
3.1950000000000003,0.8901931169543559,0.5762157645665766,1.775118329181806,4.234245456499294,2.1043694747177155,5.343021277594534,13.811140425658225,-28.880845149839853,0.1465413625971682
3.2,0.904009085158,0.5854786445362037,1.7959537089953788,4.256157666683894,2.1171000985726742,5.348092632963346,13.816355537093754,-28.97202981004875,0.14888249329194245
3.205,0.9219142324304809,0.5974096625721863,1.82405958417539,4.289779978052955,2.1355287839588573,5.363370967918113,13.842841276056276,-29.12680024290674,0.1518958154831682
3.21,0.9437476075632543,0.611884356642897,1.8594104414029355,4.33616291350671,2.1601405697225524,5.389886239470098,13.893026358411138,-29.349766103047518,0.15550767537561103
3.215,0.9699047186987514,0.6291703362419803,1.9025643007003685,4.396609145630359,2.1915967556829195,5.428793465961236,13.969574456376463,-29.648022937247145,0.1598098170447068
3.22,1.0006583868313363,0.6494487540330991,1.9539605635274442,4.472285018393797,2.2304902256846297,5.481130090257516,14.074968934623273,-30.027797044958785,0.16485513113420888
3.225,1.0366552749972777,0.6731373697558403,2.014655860419666,4.5650351879959965,2.2777687353616054,5.548442267925596,14.212695621364986,-30.499130263186707,0.1707400054008183
3.23,1.0794391193740915,0.7012626993721034,2.0869515764850606,4.677873242723074,2.335015817910168,5.633168217517362,14.387939660138965,-31.0794187742737,0.17776850222816562
3.235,1.13031911284865,0.7346729445000328,2.173112921190499,4.814275886927343,2.404011226458108,5.738196992554582,14.606891718226814,-31.78762369308994,0.1861429534405019
3.24,1.1917425162867872,0.7749696835174564,2.2771131793121215,4.979738633951888,2.4875834082325947,5.868016326127849,14.878908694403663,-32.65435296155809,0.19628058632608783
3.245,1.2664575159224971,0.8239579391854313,2.4035154583009892,5.180872659760043,2.58911219992487,6.028086050678713,15.215435390140708,-33.71610328044313,0.20866613239687248
3.25,1.357085045946083,0.8833288352941292,2.5570515044565445,5.425406927307578,2.712484724238569,6.2248610739543775,15.630199920972277,-35.01410153633158,0.22368357438536746
3.255,1.4673627770128026,0.9555327517417387,2.7440075610688237,5.7231184100151875,2.8626533011131206,6.466406815426864,16.14035747185117,-36.60141378290784,0.24197476553601568
3.2600000000000002,1.6001556044190108,1.0424291603574993,2.9696794897098915,6.0837949204802815,3.04450339641661,6.760884357892968,16.763815652916364,-38.52924084778505,0.2639783366718245
3.265,1.758427549798002,1.145932780322387,3.239570413898482,6.518245731718066,3.263419100959964,7.117164911626252,17.520417260151937,-40.853294388805104,0.29011671548623325
3.27,1.9454314721301804,1.2681861734692954,3.5593400444873216,7.0377605404675725,3.5250647299684665,7.544266037008265,18.43082924962086,-43.631827972515076,0.3209498036191492
3.275,2.1624172135272133,1.4099725602575766,3.931988109457337,7.651954094883397,3.8341654783279076,8.049640291602731,19.513487846341462,-46.910189492084186,0.356563988358793
3.2800000000000002,2.4114118503524624,1.5726269662506938,4.361103347233702,8.370905047865113,4.1957762390994375,8.640444088470243,20.786754766957408,-50.73629578025479,0.39727357663833285
3.285,2.6930108625344826,1.7565544971131004,4.847958551900964,9.202420842513666,4.613808344484576,9.321353544306303,22.264773408843308,-55.143037748144096,0.44315780356379597
3.29,3.0062352682410927,1.9610877215127134,5.391460084640375,10.152114865580801,5.091041826677257,10.094423531598265,23.95709548594465,-60.14737076628046,0.4939121045182072
3.295,3.3514584759300377,2.1865284375103045,5.9915168102298235,11.225300898713758,5.6302972421281,10.96027093932633,25.870337852065763,-65.76538035513836,0.5496697857009563
3.3000000000000003,3.7255691271730886,2.430833709164894,6.643105145538897,12.422184513265982,6.231739177630886,11.914667162589057,28.00157138198859,-71.97948426390911,0.6098141532091021
3.305,4.126453305272521,2.692621491105516,7.342092765004527,13.74254662051253,6.895489874690359,12.952102531014852,30.34415769382954,-78.76937821519347,0.6739140489808362
3.31,4.55341342972739,2.9715581637602893,8.085369972583148,15.184652672714392,7.621175777730008,14.065410008812616,32.885984683039446,-86.10966314719059,0.7420985608091037
3.315,4.991920568316701,3.2578670383870496,8.851919913830532,16.730708223885884,8.399619095958672,15.235901979460138,35.590971588372994,-93.87010673028858,0.8111984981141211
3.3200000000000003,5.45437846823873,3.560256529367532,9.653310649099126,18.384151071517824,9.234105508306243,16.460668476609495,38.44686220263476,-102.0784728451728,0.8847401144976028
3.325,5.931020582946274,3.871850408281751,10.477586286149922,20.135434668933016,10.119657315421556,17.72954774438299,41.427143562559536,-110.65196814955749,0.9597277711999284
3.33,6.415637338118881,4.188791846931744,11.312431013705623,21.96626766232183,11.047439158906109,19.026766021590504,44.49150640108223,-119.48459020636369,1.035750959073095
3.335,6.9018396379578855,4.5068576133072185,12.146530799830199,23.858054867867345,12.008459444953658,20.337822155574273,47.60012096213528,-128.47124541196223,1.1115601526784569
3.34,7.386889009502058,4.824347938988938,12.973213589343636,25.793038254742285,12.994322586093618,21.650442888597304,50.714843456809696,-137.52402382664027,1.1869263551885703
3.345,7.8647228083787315,5.137275901744862,13.782254727737689,27.748792254052386,13.993895839018215,22.950604359259856,53.79271204488793,-146.53109849069583,1.2608408235145645
3.35,8.330262066475509,5.442262113318224,14.565242669247608,29.70290415625999,14.99586981206553,24.22516573355997,56.793574721135585,-155.38772561745682,1.332444641920799
3.355,8.778657230099935,5.736086317145225,15.314179026788315,31.631261265034485,15.987881436624692,25.459400735978136,59.679764230100325,-163.98830715113695,1.4010771822884633
3.36,9.203355249262417,6.0143331269314935,16.01936848117441,33.50759507647103,16.956569416821786,26.636508883119504,62.41625716611077,-172.2196089081218,1.4656218137862427
3.365,9.599169388807706,6.273546211818723,16.673070652232685,35.30682529846584,17.889913890403633,27.74144380755724,64.97338344714296,-179.98267004930256,1.525317682966399
3.37,9.958889897691488,6.508972847724553,17.26498038432716,37.00329443406583,18.77488452455315,28.759916601159922,67.31924504391648,-187.16924287120023,1.5790594997710485
3.375,10.276386720094857,6.716659840034858,17.78629344292481,38.57650769064321,19.598925045613814,29.681294279922646,69.42297191723813,-193.68495716152324,1.625918625817219
3.38,10.546414319937318,6.8933308502338955,18.229317321723066,40.007399884674,20.35132571359362,30.49666281256607,71.25368656858255,-199.443329335642,1.6651922783586168
3.3850000000000002,10.763043300072065,7.035253657103013,18.585754531667966,41.27102487315316,21.024265076368195,31.197052299793363,72.78683757497987,-204.359181937327,1.6959510544559364
3.39,10.921793692555964,7.1396002091981146,18.849490961166016,42.339543703504006,21.612402098694425,31.77619939528505,74.01149179774077,-208.3680378549277,1.717516419309717
3.395,11.018619786148742,7.203688591079691,19.01506301947998,43.19040435185738,22.107012637987335,32.22941116064962,74.92201063850264,-211.4155327725376,1.7293229798606178
3.4,11.050152472157734,7.22509419490526,19.078239649852335,43.81203911730543,22.49258436113469,32.550675892507684,75.52183993692913,-213.4614157197608,1.7307904721851013
3.4050000000000002,11.014663487574161,7.2024606508590425,19.0368931239774,44.19600830296928,22.753466828864866,32.7340598418024,75.82902288865645,-214.4883172622621,1.7217425356524456
3.41,10.910281390607905,7.134349402207773,18.888533378324823,44.32839906659003,22.884400399484978,32.78120686185465,75.85971256090768,-214.48879711921546,1.701914460247633
3.415,10.73860484102325,7.02170365175941,18.63489274229044,44.19970302651063,22.892455201285433,32.702257228051906,75.61962582989825,-213.48088255422138,1.6716404469780324
3.42,10.504191495679084,6.8675477536536915,18.281463196912217,43.81021515052341,22.786538744561348,32.506483417675994,75.11226143987759,-211.50057092740653,1.6318701450320348
3.4250000000000003,10.209886273840644,6.673761938456843,17.832215546989858,43.164415895862916,22.566269155509346,32.202188105113954,74.34984155847162,-208.58148978082156,1.582911721188264
3.43,9.868879681933148,6.44933247944839,17.304715688685977,42.29023433267294,22.22982808879258,31.797633035745868,73.36923235268515,-204.83721357207844,1.5273583079071238
3.435,9.47761432263365,6.191826921129183,16.695589729121686,41.21785029607325,21.765760216964313,31.27003425745349,72.18883586610089,-200.27135173663072,1.4638405255358526
3.44,9.049367883619746,5.910380416935952,16.021294194486124,39.99120125659041,21.17481313967761,30.606598021975916,70.83703016434461,-194.98592536138753,1.395240681714988
3.4450000000000003,8.58989587568859,5.608689223843591,15.290919297017833,38.63476053137469,20.461621023559978,29.818437796354587,69.33379730535617,-189.06012275764138,1.3220021015367913
3.45,8.105825844262084,5.291131357192772,14.514114057954496,37.15868098218539,19.639163346022237,28.934639608053175,67.69289031257048,-182.5816554056774,1.2452102790875796
3.455,7.603527839488566,4.961887760594927,13.700217629248584,35.57230883444534,18.734806426151472,27.98350266994387,65.90316068141857,-175.62527111026276,1.1658596346829273
3.46,7.091989187112844,4.626847646438751,12.86234675735682,33.892977908621916,17.787336247801854,26.98940278005002,63.93004951607444,-168.26634509150588,1.0853954004503013
3.465,6.57813162641577,4.290437455410014,12.011681454025968,32.13907469857484,16.82392499309467,25.968026627849078,61.75600208807277,-160.57210780144797,1.0048292021586707
3.47,6.064227203671926,3.953996287612061,11.153525739164968,30.328185113125326,15.849579354366094,24.919098151392323,59.40866824538273,-152.6016141579559,0.9243343874420039
3.475,5.551398845468095,3.6182172538681643,10.2907660727704,28.480872017066627,14.86504102835494,23.832737710013163,56.926446520395594,-144.40952250296817,0.8440433562557625
3.48,5.041503848774406,3.2843597612676345,9.426622075522674,26.61617812755215,13.87627965088927,22.704405372765148,54.33275283469207,-136.04640889452878,0.7643075073441181
3.485,4.535344634453933,2.9529834719061085,8.562962700741028,24.743910650112444,12.886712450077379,21.538824347033653,51.651465357795814,-127.55742196219455,0.6852186295128937
3.49,4.034336397966512,2.625090893554505,7.70226529952507,22.868646964466052,11.89769880033025,20.345070798139105,48.90881973623509,-118.98898549594291,0.6070568430347759
3.495,3.5413221474823366,2.302645965340763,6.848906953896582,20.996217198990248,10.912283839244841,19.131186220344333,46.126106401715404,-110.38903018017477,0.5303616903725549
3.5,3.060028012135534,1.9881476888865173,6.008890879504152,19.13491060112972,9.935475923690081,17.903683497942673,43.32079148944188,-101.80769941793226,0.4557715616267449
3.505,2.5950603326413937,1.6846381206610825,5.189948942880731,17.295356245217476,8.973960818202109,16.669664021536825,40.51011046448018,-93.30280245979364,0.3840637365512589
3.5100000000000002,2.151090709659575,1.3951724803145167,4.4003209733938276,15.489676094649948,8.03518855990823,15.437064021635827,37.71138912846056,-84.9359115313455,0.3160097808980654
3.515,1.7326188034300474,1.122654629572798,3.648473654814432,13.7315889607966,7.12691383469668,14.214700691261367,34.94288683158785,-76.77212330463973,0.25228611179705046
3.52,1.3449039502032472,0.870487736764807,2.943996216601792,12.037208826003193,6.257217144939338,13.012787991209741,32.22511610055521,-68.88547356970881,0.19375581617918156
3.525,0.9918410610563569,0.6411438848951235,2.2948568449232774,10.422512922889238,5.433038524112821,11.841550799296744,29.578558339985943,-61.344482486558476,0.14098029401497153
3.5300000000000002,0.6768575189115354,0.4367620506283723,1.7084161267105737,8.903640426928263,4.660573219005647,10.71238276215044,27.025769478921326,-54.218796918410774,0.09439549886739233
3.535,0.403627336080311,0.25969825995767654,1.19187630539306,7.495737342190949,3.945272942028301,9.637704656547097,24.591620965841997,-47.58016755798656,0.054629904808735065
3.54,0.1711468640837846,0.10915031376109109,0.7461003995439967,6.207570000285109,3.28935962533205,8.62728362967448,22.29730616301592,-41.46918039801586,0.02126356647636069
3.545,-0.012445281620434581,-0.009505037406110188,0.3836087395234012,5.056532739672845,2.7006213387238596,7.698663336186599,20.179401116716868,-35.992756476689756,-0.004120338080438439
3.5500000000000003,-0.16419076232919244,-0.10778717600758361,0.0832579634710032,4.03023398158421,2.1714003462140044,6.8484558800420485,18.236930979379526,-31.07304052822847,-0.02526055273901473
3.555,-0.2752488752662511,-0.17952688470511513,-0.14540154564029228,3.1372231376795985,1.7070702058648812,6.087410072762753,16.49341000750107,-26.785196284923593,-0.03973972847699013
3.56,-0.35207347710066605,-0.22913552644611346,-0.3101858807263602,2.3737318736625896,1.306432075313286,5.417441681195729,14.955164353757324,-23.11218840734225,-0.04918660477259094
3.565,-0.3970652129309915,-0.25814674597517817,-0.41525673839359617,1.7372482423285438,0.9692462343662951,4.840451176795115,13.62612285683674,-20.048677858547226,-0.053921888168733556
3.5700000000000003,-0.41541770202111605,-0.26993685560856995,-0.46898417787071756,1.2202481400005123,0.692280343072812,4.353978284278056,12.500832344112588,-17.558215360373268,-0.05478495923509039
3.575,-0.41219413926274284,-0.26782591928189214,-0.4798073679749204,0.8139897009906005,0.47140529880512116,3.9540806910689485,11.569655627878204,-15.596635134878923,-0.05266869949787981
3.58,-0.3909214583958537,-0.254055833316827,-0.4546097133992481,0.5092179958566917,0.302111009136399,3.6359137070205603,10.820580762912115,-14.120219915560963,-0.04801648964376583
3.585,-0.3564837071174711,-0.23180841637533367,-0.40193260480363113,0.2942220994869432,0.17847552610618378,3.3923962703239288,10.237178631652867,-13.07042103507936,-0.041626716227172636
3.59,-0.31185924985830865,-0.20300271119308955,-0.32774598391331333,0.15857726874993466,0.09526980497348495,3.2169253243175877,9.803928360140688,-12.398169186889193,-0.03392358790649068
3.595,-0.25941010971234374,-0.16913559972515346,-0.23707700489082972,0.09198116673428261,0.04731732333137137,3.102571878028611,9.505105717912727,-12.05617832134596,-0.025175004849198556
3.6,-0.20144354394530645,-0.13171527601181246,-0.1343943573638152,0.08478306754431059,0.029736842431169835,3.042554013092476,9.325784553533762,-11.99955150060888,-0.015753759505964124
3.605,-0.13814574672541255,-0.09082773047716074,-0.02111675435733735,0.13007536019808352,0.039159449150638376,3.031835341571328,9.254599484003606,-12.199998339896183,-0.005581022993373556
3.61,-0.07000770325514839,-0.046784956233129955,0.10139248666023774,0.22162725341399933,0.07255662478546163,3.0657626741450583,9.281291152749649,-12.631143139029254,0.0053056451365400634
3.615,0.0033563858991947464,0.0006565382220000259,0.23336935723564367,0.3555115633347946,0.12809004768459142,3.1412947041491073,9.399042696535911,-13.27829463297844,0.016973378226219513
3.62,0.08313514557082857,0.05229129658037067,0.37630618870935184,0.5296285105532151,0.20485157272361942,3.256626096027343,9.603800852419676,-14.136328645312611,0.0296890195279432
3.625,0.16950517131536993,0.10820873735559405,0.5307203234230674,0.7421788566726234,0.3019482378920029,3.4100638260818457,9.892375849485058,-15.1984383276328,0.04343736373027963
3.63,0.263510316434773,0.16908737602766144,0.6983017752289067,0.993144251111917,0.4193665585764947,3.600992845901775,10.264233755706655,-16.467037451230755,0.05840061355935976
3.6350000000000002,0.3651723803429204,0.23493636289513112,0.8793405933003028,1.2818676233898496,0.5566733687521128,3.828043299199557,10.718174012562093,-17.938786802498303,0.07457920493531761
3.64,0.47370868039923814,0.30521414569957506,1.073030866471117,1.60725417956392,0.7131423047746105,4.089249885344097,11.252515362000128,-19.605883068865303,0.09176768684753193
3.645,0.58872380027528,0.3796814957843917,1.278675970603141,1.9680161889368037,0.8880275622132272,4.382300435898127,11.86504805567348,-21.460413998750997,0.1099405346774825
3.65,0.7075558159216372,0.4565764907681465,1.4924179433075266,2.3598859915728023,1.0790531201948153,4.702724521176734,12.549265215072687,-23.476059501242023,0.12858045169116777
3.6550000000000002,0.8285169188045691,0.5348035014548069,1.711337968923125,2.7786713050053495,1.2841652827633174,5.046224390359086,13.298092029821897,-25.629211768297555,0.14740042054550886
3.66,0.9463797204880291,0.6109558822712308,1.9271408220650954,3.213977730457607,1.4981941676386097,5.404122917588635,14.094915802403115,-27.86121223697564,0.16552524814501066
3.665,1.0640496582791386,0.6870346662993496,2.1424889290185467,3.664264446051179,1.7209799570378033,5.774589603117754,14.933959872023497,-30.17101855705665,0.18365148184579114
3.67,1.1742128657697586,0.7581506903706672,2.3470144393957146,4.116840439925403,1.9462925371959863,6.1483769843422795,15.794177396364915,-32.48533516128728,0.20026988609459512
3.6750000000000003,1.2756458197002092,0.8235991889761061,2.5372318984719104,4.5629213217133575,2.1702985488799573,6.519141793713076,16.65793754523049,-34.76216945640037,0.21539341678766757
3.68,1.365439105134122,0.8814934071145182,2.7079012086832543,4.992067102916521,2.3880701219031284,6.879405223368037,17.505057921046294,-36.94797839384353,0.22854438754963965
3.685,1.442387923413493,0.9310721188776407,2.856226036036134,5.396028206630491,2.595496756358857,7.222794644564536,18.318363788951924,-39.00194082997123,0.23957144015479342
3.69,1.505607900426635,0.9717899080318468,2.980066988932155,5.767549161897319,2.7886111236307984,7.5428691898405615,19.08225427265691,-40.88715018775159,0.2484017310045004
3.6950000000000003,1.5544710128665877,1.0032399957404707,3.0780408147500515,6.100992046665423,2.964080163124463,7.833622441011071,19.783495374278804,-42.572877566487094,0.25493580686300493
3.7,1.590010817729341,1.0261283915200887,3.1512168519620722,6.393662213158671,3.1201210505254275,8.090761436415251,20.41285823277977,-44.04418248767372,0.25942358479971483
3.705,1.6130000957809083,1.0409627331674174,3.2007489324685015,6.644061310708533,3.2554868597338813,8.310912382570832,20.962976376628625,-45.29015407043461,0.2620054711979889
3.71,1.6253052535846657,1.0489642984043819,3.2295595946409135,6.853329910715583,3.3702817555430826,8.493035025120577,21.429959131096687,-46.31343988020533,0.263005002606283
3.715,1.6291949576891085,1.0516216122704547,3.2413402189836047,7.024238747361784,3.465467960527502,8.637920134254307,21.81230050785626,-47.12491424236073,0.2628301970316843
3.72,1.6262580814859924,1.0499429495622172,3.239169972732673,7.159937286785309,3.54210142639789,8.74734152393603,22.111210070039427,-47.73765557688383,0.26169436084552544
3.725,1.618614571672721,1.0452996141074768,3.226820845978608,7.264482380571192,3.6016913973998443,8.824322620796902,22.333054035821053,-48.17423636427593,0.25995099312454406
3.73,1.6074129988869577,1.038413983065905,3.2067583473383254,7.341081171666424,3.6455230339315507,8.871768266702603,22.48627372368811,-48.45499105793572,0.2577596287060385
3.735,1.593550955921399,1.0298396841421324,3.1809997927708276,7.392821049899022,3.675224224224188,8.892922836721674,22.580349984964577,-48.60093063388603,0.25522219900108667
3.74,1.5778543624974863,1.0201047387592137,3.15120705101047,7.422573350885382,3.692588961413318,8.891042819168817,22.624213624865995,-48.63206330059714,0.25247848670715084
3.745,1.560362437682339,1.0092085181680994,3.11788132127928,7.432476930901325,3.6990577590876743,8.868816551400862,22.624860400132448,-48.562158493851186,0.24949467045893053
3.75,1.541265956132661,0.997260450992902,3.0815357420799443,7.4247626720306545,3.696069908577308,8.828882659757637,22.58797771627316,-48.404040177679704,0.2462851640367815
3.755,1.520462518258034,0.9841903276775117,3.0420990088859394,7.40091093935437,3.684673006030832,8.773518289746239,22.516666203734516,-48.16536094911125,0.24284074347636084
3.7600000000000002,1.4974594284985043,0.9696578184621163,2.998946581937812,7.3616396744304815,3.6655930588819094,8.705018325970391,22.41164766029206,-47.849005806123444,0.23904334127327131
3.765,1.4723847684414784,0.9537530343663057,2.952138291122758,7.307656780003282,3.639574595171467,8.626281714592057,22.273009761488755,-47.459737743837735,0.23493888045734423
3.77,1.444825416291704,0.9362037056926923,2.901019080695588,7.238714151834429,3.606473054880951,8.539403643770093,22.100486234598712,-46.99758603072398,0.23046082977123755
3.775,1.4149649516736003,0.9171190830709961,2.8458518676907754,7.155462155246411,3.5661187145054156,8.44626735816511,21.896764946064813,-46.46816830584315,0.22561932000366636
3.7800000000000002,1.3820091728075148,0.8959835817798212,2.7854069811127125,7.0572026280905735,3.5175139017450037,8.34633192333305,21.662941344897288,-45.867686585158665,0.22029714108251008
3.785,1.347011894489447,0.8735035007895847,2.7210032072108183,6.945792028463475,3.461396653857597,8.239730915685174,21.402306029654333,-45.205450987249435,0.21470684889864103
3.79,1.310747668542975,0.8501856210526288,2.6538440809322346,6.823369886726372,3.3990543844012997,8.126457163329624,21.117721889005416,-44.490355497550965,0.20897489720379991
3.795,1.2741187299063848,0.8266197346450035,2.5854124396706037,6.692413781971252,3.332102005657816,8.007011373746101,20.81280063687386,-43.733730895902426,0.20325229152661056
3.8000000000000003,1.2378688661077963,0.8032819321111322,2.517095184547834,6.55538686744684,3.2619911769014465,7.8824038782690105,20.492306999113186,-42.947975038591956,0.19764023106220788
3.805,1.2030118484657422,0.780835987353651,2.450631405160933,6.415031093501709,3.1900837799081945,7.7542861397746625,20.16263227327216,-42.14882632377693,0.19231389065849702
3.81,1.169968929150966,0.7595452195289963,2.38700664233064,6.273578937599889,3.117379344333119,7.624243176525913,19.82994600000272,-41.348982099428476,0.18731394673907695
3.815,1.1394367260081637,0.7398631239332795,2.3274931865551487,6.133626039740264,3.0453204879939095,7.494303830987459,19.4995775470433,-40.56236806017833,0.18274721489470502
3.8200000000000003,1.111809273564243,0.7220451313976778,2.2729103679719413,5.997367089717095,2.975230828940428,7.3663468366483436,19.175496019807248,-39.79987398081835,0.17866852955005633
3.825,1.0869413673652413,0.7059843309489432,2.223302055016306,5.866150803426553,2.907927333335118,7.241808054634077,18.860780209869844,-39.067913629819145,0.17501956798800705
3.83,1.0647666505028135,0.6916375048293498,2.178655470079785,5.741008649669974,2.844156467401867,7.1219204981928215,18.557506122736637,-38.371435268724305,0.1717839981112871
3.835,1.0448085712620123,0.6786933836507127,2.1382897784666466,5.622156112919905,2.784302237469773,7.00728790246083,18.265667853334968,-37.71008126922091,0.168875519845679
3.84,1.026425965722018,0.6667277793573217,2.1012317608898687,5.5093626645850104,2.7283925033461625,6.89799987007972,17.984196660047303,-37.080504197916014,0.16616708324429713
3.845,1.0091762478276198,0.6554610869843998,2.06663884634384,5.402148897472211,2.676100505846374,6.79369920005878,17.711868258253958,-36.47869703583782,0.1636040818058252
3.85,0.9921969622788583,0.6443278761985504,2.033101182663998,5.299299869576838,2.6264929217483264,6.693278957702229,17.44695307648172,-35.89668456670252,0.16103380895741667
3.855,0.975103507088297,0.6330834625075984,1.999808968420769,5.199838037677071,2.578702674421279,6.595697085905346,17.188320567177662,-35.32895861694364,0.15840440330803987
3.86,0.9576702457935808,0.6215937960451513,1.9661689990335185,5.102737765713403,2.5319001832776626,6.499883640722292,16.934787591286348,-34.7704495432518,0.15570741059787538
3.865,0.9396846300253963,0.6097191050607257,1.9317418678209126,5.007134911732359,2.485450656744099,6.404968237284906,16.685297125297346,-34.216896510548665,0.1529000638255747
3.87,0.9217142863391667,0.5978458292396363,1.897176860845521,4.91310807112365,2.4393695418558003,6.31086023037605,16.43984914397662,-33.67003537934217,0.1501114995134041
3.875,0.904062707486643,0.586174749674167,1.8629352388891913,4.820800068427909,2.393768943822669,6.217630273677357,16.19849976210899,-33.1312658333084,0.14739417049015385
3.88,0.8874250218586628,0.5751583528939619,1.8301405914479265,4.7312380190975665,2.3492259892011638,6.126090306301829,15.962701597265198,-32.606835062009004,0.14485526235790022
3.8850000000000002,0.8729317304740897,0.5655531063638398,1.8005148321766238,4.646132806524341,2.3066608691265262,6.037622455353089,15.735117064311632,-32.10725643776212,0.1427236437742263
3.89,0.8608896178919544,0.5575331150439128,1.7749530976656955,4.56706781313959,2.2668460258410428,5.953628227754213,15.518683911404674,-31.64058037666682,0.14097863376229752
3.895,0.8514023881754897,0.5511757581690432,1.7537730771955222,4.494944121502994,2.2302349518455995,5.874985136499763,15.315340621531233,-31.211513301507424,0.1396573190635337
3.9,0.845541671225983,0.5471904014919758,1.7386662856880795,4.43206302071065,2.1980574568739684,5.803615226722246,15.12888625588234,-30.832967512276195,0.13894726362682308
3.9050000000000002,0.8430495483948162,0.5453947021344953,1.729590233007008,4.3793775435185,2.1708125441724264,5.7405015636415335,14.961335209392296,-30.508822742879588,0.13876145853874014
3.91,0.8438754996133628,0.5457572689808073,1.7265946661903908,4.337756466313562,2.14898732590951,5.68652647977168,14.814437487837763,-30.24301958331378,0.13908445118584356
3.915,0.8474241694717187,0.5478912815473629,1.7288585420910505,4.307050172775484,2.1325419128218943,5.6417756766936575,14.688435233519538,-30.033786340736302,0.13980941845396208
3.92,0.8528630728892181,0.5512501103744091,1.7351352632403034,4.28645664628446,2.1211000835764646,5.605781023348316,14.582531471800886,-29.875893736235184,0.1407761328740918
3.9250000000000003,0.859489215767861,0.5553877903790656,1.7441689949958716,4.274698841754657,2.11406772589357,5.5776238576307255,14.495022729161185,-29.762345526532357,0.14188643888034108
3.93,0.8661441456626471,0.5595495701046594,1.7540505518707847,4.269601968424469,2.1103793991223543,5.5556406853560825,14.422738383560104,-29.681042935595716,0.14293829955140439
3.935,0.8720953042387554,0.5632671633129867,1.7633685524605613,4.269068063346538,2.109037061462309,5.538130394780911,14.362288772197939,-29.621078051222568,0.14382280221256405
3.94,0.876691402344602,0.5661306016080762,1.7707973189426016,4.270770604847529,2.1089384698477245,5.523159710822531,14.309695108934434,-29.570643608799685,0.1444604580282233
3.9450000000000003,0.8793087312342871,0.5677335678001061,1.7751582754736681,4.27245968881568,2.1090103708523005,5.508827642747882,14.26094036464827,-29.518182117741883,0.14474353830167438
3.95,0.8800753570542474,0.5681757915895235,1.776311180469076,4.272706790422919,2.1086222453977457,5.493826852711575,14.2130314036364,-29.457481061868556,0.14473150354135642
3.955,0.8789866438214908,0.5674575376463094,1.774103404851136,4.270238739175188,2.107188318545174,5.477013091281495,14.16330331802346,-29.38272462599293,0.14443363147964924
3.96,0.8765369848590838,0.5659004673859098,1.7692084409216446,4.2647931595692,2.1046214597895188,5.458050341143242,14.110669360183474,-29.293714953297528,0.14393480019205174
3.9650000000000003,0.8736069267169229,0.5640878281720003,1.762907085204207,4.256900843374069,2.1012233760422494,5.437267570781057,14.055375794337333,-29.19478132644098,0.14341196158123723
3.97,0.8707729790583105,0.5623828096916236,1.7562720525056004,4.2474071606455235,2.097395649185195,5.415336262366909,13.99847301276959,-29.090979577628516,0.14293971071929962
3.975,0.8691676498773513,0.5615219358866442,1.7511679801015276,4.238207906655656,2.0940683422436432,5.39378201908447,13.942733587871956,-28.99336208082076,0.1427127173772831
3.98,0.8696158691265778,0.5620379719810095,1.7490995513384942,4.231230718642611,2.09215177115729,5.3742390863540965,13.891281152570883,-28.912524054391646,0.1428679900098433
3.985,0.8726745809916207,0.5642739536497355,1.7512804784758194,4.228537909829678,2.09259189639465,5.358503670044159,13.847700413148821,-28.85902263443323,0.14345978733192077
3.99,0.8792315826912773,0.5688098270293772,1.759253675630564,4.232563749049204,2.096546752384161,5.348658150653513,13.81620009206306,-28.845912064595513,0.14464829649006097
3.995,0.8893628465591026,0.5756796219119313,1.773469612794537,4.244936031262098,2.1047333135942834,5.346206259460985,13.800040738331159,-28.88084514983962,0.14641678551399437
4.0,0.9032594307338861,0.5849946437004404,1.794450196641799,4.267354616480391,2.1179255550090588,5.352672578285586,13.80260266455597,-28.972029810048312,0.14877018119569904
